fen,n,W,D,L,pW,pD,pL,mean_reward,reward_variance,result_entropy,ci95_low,ci95_high,ci95_width,ci_contains_zero,H_mean,U_mean,HU_mean,H_count,U_count,HU_count,H_fraction,U_fraction,HU_fraction
rnbqkbnr/pppppppp/8/8/3P4/8/PPP1PPPP/RNBQKBNR b KQkq - 0 1,63,26,5,32,0.4126984126984127,0.07936507936507936,0.5079365079365079,-0.09523809523809523,0.91156462585034,1.3134533656252305,-0.33099886895227776,0.1405226784760873,0.47152154742836505,True,2.1195959477197555,0.01257939910930064,0.02674867280288009,63,63,63,1.0,1.0,1.0
rnbqkb1r/pppppppp/5n2/6B1/3P4/8/PPP1PPPP/RN1QKBNR b KQkq - 2 2,14,5,2,7,0.35714285714285715,0.14285714285714285,0.5,-0.14285714285714285,0.8367346938775511,1.4315602842833155,-0.6220142800989517,0.3362999943846659,0.9583142744836175,True,0.4425191581249237,0.023833206189530238,0.010412524208173235,2,14,2,0.14285714285714285,1.0,0.14285714285714285
rnbqkb1r/ppp1pppp/5n2/3p2B1/3P4/5N2/PPP1PPPP/RN1QKB1R b KQkq - 1 3,12,4,2,6,0.3333333333333333,0.16666666666666666,0.5,-0.16666666666666669,0.8055555555555555,1.4591479170272448,-0.6744813059502053,0.34114797261687196,1.0156292785670773,True,0.18154294256653106,0.028377695474773645,0.005518979722520551,7,12,7,0.5833333333333334,1.0,0.5833333333333334
rnbqkbnr/pppppppp/8/8/8/8/PPPPPPPP/RNBQKBNR w KQkq - 0 1,3000,1732,299,969,0.5773333333333334,0.09966666666666667,0.323,0.25433333333333336,0.835647888888889,1.3157331102535317,0.22162193392493829,0.2870447327417284,0.06542279881679014,False,0.7507431358098984,0.00737594123929739,0.005377549614484325,3000,3000,3000,1.0,1.0,1.0
rnbqkbnr/ppppp1pp/5p2/8/8/5N2/PPPPPPPP/RNBQKB1R w KQkq - 0 2,2351,1373,231,747,0.584006805614632,0.09825606125053168,0.31773713313483626,0.26626967247979577,0.8308444002669706,1.3076166269313547,0.22942441251820034,0.3031149324413912,0.07369051992319087,False,1.2082847226504705,0.007911046812020048,0.009363208934664627,1990,2351,1990,0.8464483198638877,1.0,0.8464483198638877
rnbqkb1r/ppppp1pp/5p1n/8/8/2N2N2/PPPPPPPP/R1BQKB1R w KQkq - 2 3,1031,614,103,314,0.5955383123181377,0.09990300678952474,0.30455868089233756,0.29097963142580013,0.8154278473057808,1.2996960232758363,0.23585933711877446,0.3460999257328258,0.11024058861405131,False,0.6535850644901099,0.014338777765494371,0.009366927510075654,151,1031,151,0.14645974781765275,1.0,0.14645974781765275
rnbqkb1r/pp1pp1pp/2p2p1n/8/6P1/2N2N2/PPPPPP1P/R1BQKB1R w KQkq - 0 4,421,242,48,131,0.5748218527315915,0.11401425178147269,0.31116389548693585,0.2636579572446556,0.8164702298001028,1.3404281649750105,0.1773447568315228,0.34997115765778847,0.17262640082626568,False,0.29301455191203524,0.013596278763511119,0.003440832866281924,14,421,14,0.0332541567695962,1.0,0.0332541567695962
rnbqkb1r/pp1p2pp/2p1pp1n/8/3P2P1/2N2N2/PPP1PP1P/R1BQKB1R w KQkq - 0 5,355,210,38,107,0.5915492957746479,0.10704225352112676,0.30140845070422534,0.29014084507042254,0.8087760365006942,1.314633603784538,0.19658992740821465,0.3836917627326304,0.18710183532441574,False,0.8660803325474262,0.014233812377591368,0.011171845187849838,64,355,64,0.18028169014084508,1.0,0.18028169014084508
rnbqk2r/pp1p2pp/2pbpp1n/8/3PP1P1/2N2N2/PPP2P1P/R1BQKB1R w KQkq - 1 6,67,43,5,19,0.6417910447761194,0.07462686567164178,0.2835820895522388,0.3582089552238806,0.7970594787257741,1.2056466877405314,0.1444343785563361,0.571983531891425,0.4275491533350889,False,1.306381992995739,0.013366701672159469,0.014993667046212085,16,67,16,0.23880597014925373,1.0,0.23880597014925373
r1bqk2r/pp1p2pp/n1pbpp1n/4P3/3P2P1/2N2N2/PPP2P1P/R1BQKB1R w KQkq - 1 7,12,6,1,5,0.5,0.08333333333333333,0.4166666666666667,0.08333333333333331,0.9097222222222223,1.3250112108241772,-0.45631627945081826,0.622982946117485,1.0792992255683032,True,1.4729712009429932,0.013292308586339155,0.012796233180639494,3,12,3,0.25,1.0,0.25
rnbqkbnr/pppppppp/8/8/8/5N2/PPPPPPPP/RNBQKB1R b KQkq - 1 1,2639,1440,299,900,0.5456612353164078,0.11330049261083744,0.34103827207275483,0.20462296324365292,0.8448289503025492,1.3621196931529838,0.16955481855466475,0.2396911079326411,0.07013628937797634,False,0.8398163601411658,0.014827783028946292,0.012518553942087876,2639,2639,2639,1.0,1.0,1.0
rnbqkbnr/ppp1pppp/3p4/8/8/2N2N2/PPPPPPPP/R1BQKB1R b KQkq - 1 2,21,16,2,3,0.7619047619047619,0.09523809523809523,0.14285714285714285,0.6190476190476191,0.5215419501133786,1.0230370655328809,0.31017239962621324,0.9279228384690249,0.6177504388428117,False,1.347862683236599,0.027098279180271283,0.03894372920343889,8,21,8,0.38095238095238093,1.0,0.38095238095238093
rnbqkbnr/pp2pppp/2pp4/6N1/8/2N5/PPPPPPPP/R1BQKB1R b KQkq - 1 3,14,10,2,2,0.7142857142857143,0.14285714285714285,0.14285714285714285,0.5714285714285714,0.5306122448979593,1.1488348542809166,0.18985990240446649,0.9529972404526763,0.7631373380482098,False,0.6057851910591125,0.018890342276011194,0.014092738829550533,3,14,3,0.21428571428571427,1.0,0.21428571428571427
rnbqkb2/pp2p1p1/2pp1p2/8/8/2N5/PPPPPPPP/R1BQKB1R b KQq - 0 4,31,22,6,3,0.7096774193548387,0.1935483870967742,0.0967741935483871,0.6129032258064516,0.43080124869927167,1.1357395969510384,0.3818533598871,0.8439530917258032,0.46209973183870323,False,,0.029588391103090778,,0,31,0,0.0,1.0,0.0
rnbqkb2/pp4p1/2pp1p2/4p3/8/2N1P3/PPPP1PPP/R1BQKB1R b KQq - 0 5,11,7,2,2,0.6363636363636364,0.18181818181818182,0.18181818181818182,0.45454545454545453,0.6115702479338843,1.3092966682370037,-0.0075959959965464785,0.9166869050874555,0.924282901084002,True,,0.03668783977627754,,0,11,0,0.0,1.0,0.0
rnbqkbnr/ppp1p1pp/5p2/3p4/8/4PN2/PPPP1PPP/RNBQKB1R w KQkq - 0 3,173,94,26,53,0.5433526011560693,0.15028901734104047,0.3063583815028902,0.23699421965317913,0.7935447225099402,1.4119544194216043,0.10425149021355445,0.3697369490928038,0.26548545887924935,False,0.9871872883398556,0.013959189080175637,0.013128749189606931,103,173,103,0.5953757225433526,1.0,0.5953757225433526
rnbqkbnr/ppp1p1pp/8/3p4/8/4P3/PPPP1PPP/RNBQKB1R w KQkq - 0 4,151,81,24,46,0.5364238410596026,0.15894039735099338,0.304635761589404,0.23178807947019864,0.7873338888645235,1.4261477841622647,0.09026114822991632,0.37331501071048095,0.28305386248056463,False,0.13798333406448365,0.010618220493567502,0.0012907746225214456,15,151,15,0.09933774834437085,1.0,0.09933774834437085
rnbqkbnr/ppp1p2p/6p1/3p3Q/8/4P3/PPPP1PPP/RNB1KB1R w KQkq - 0 5,151,81,24,46,0.5364238410596026,0.15894039735099338,0.304635761589404,0.23178807947019864,0.7873338888645235,1.4261477841622647,0.09026114822991632,0.37331501071048095,0.28305386248056463,False,0.05197387825669223,0.01140527483939335,0.000534305498766645,131,151,131,0.8675496688741722,1.0,0.8675496688741722
rn1qkbnr/ppp1p2p/4b1p1/3pQ3/8/4P3/PPPP1PPP/RNB1KB1R w KQkq - 2 6,149,79,24,46,0.5302013422818792,0.1610738255033557,0.3087248322147651,0.2214765100671141,0.7898743299851358,1.433117318435843,0.07877322959985977,0.36417979053436844,0.28540656093450867,False,1.3705998902418175,0.012426514103508635,0.017099144306115113,98,149,98,0.6577181208053692,1.0,0.6577181208053692
r3kbnr/p3p2p/4b1p1/1p1p4/8/4P3/PPPP1PPP/RNB1KB1R w KQkq - 0 7,86,45,14,27,0.5232558139534884,0.16279069767441862,0.313953488372093,0.2093023255813954,0.793401838831801,1.4400052104921506,0.02104778203897603,0.3975568691238147,0.37650908708483866,False,,0.01408846093731564,,0,86,0,0.0,1.0,0.0
r3kb1r/p3p2p/4bnp1/1p1p4/8/1P2P3/P1PP1PPP/RNB1KB1R w KQkq - 1 8,38,22,8,8,0.5789473684210527,0.21052631578947367,0.21052631578947367,0.368421052631579,0.6537396121883656,1.402993418443045,0.11134673408791684,0.6254953711752411,0.5141486370873243,False,,0.01822093604622703,,0,38,0,0.0,1.0,0.0
r3kb1r/p3p2p/4bnp1/3p4/1p6/BP2P3/P1PP1PPP/RN2KB1R w KQkq - 0 9,36,20,8,8,0.5555555555555556,0.2222222222222222,0.2222222222222222,0.33333333333333337,0.6666666666666666,1.4355205042826666,0.06661601798026062,0.6000506486864061,0.5334346307061455,False,,0.024172885343432426,,0,36,0,0.0,1.0,0.0
r2k1b1r/p3p2p/4bnp1/1B1p4/1p6/BP2P3/P1PP1PPP/RN2K2R w KQ - 2 10,36,20,8,8,0.5555555555555556,0.2222222222222222,0.2222222222222222,0.33333333333333337,0.6666666666666666,1.4355205042826666,0.06661601798026062,0.6000506486864061,0.5334346307061455,False,,0.017594420506308477,,0,36,0,0.0,1.0,0.0
r2k1b1r/p3p2p/4b1p1/1B1p4/1p2n3/BP2PP2/P1PP2PP/RN2K2R w KQ - 1 11,36,20,8,8,0.5555555555555556,0.2222222222222222,0.2222222222222222,0.33333333333333337,0.6666666666666666,1.4355205042826666,0.06661601798026062,0.6000506486864061,0.5334346307061455,False,,0.01943032991968923,,0,36,0,0.0,1.0,0.0
rnbqkbnr/pp1pp1pp/2p2p2/8/8/2N2N2/PPPPPPPP/R1BQKB1R w KQkq - 0 3,597,355,48,194,0.5946398659966499,0.08040201005025126,0.3249581239530988,0.26968174204355105,0.8468697479581042,1.2652956764941283,0.1958625589149315,0.34350092517217057,0.14763836625723906,False,1.798621756929747,0.006659898376544716,0.012624436992451417,71,597,71,0.11892797319932999,1.0,0.11892797319932999
rnbqkbnr/pp1pp1pp/5p2/8/8/5N2/PPPPPPPP/R1BQKB1R w KQkq - 0 4,193,106,17,70,0.5492227979274611,0.08808290155440414,0.3626943005181347,0.18652849740932637,0.8771242180998147,1.3142381374178083,0.05439893772919993,0.31865805708945283,0.2642591193602529,False,,0.006203777202612532,,0,193,0,0.0,1.0,0.0
rnbqkbnr/pp1p2pp/4pp2/8/4P3/5N2/PPPP1PPP/R1BQKB1R w KQkq - 0 5,75,41,4,30,0.5466666666666666,0.05333333333333334,0.4,0.1466666666666666,0.9251555555555555,1.230600689727921,-0.07101649665112614,0.36434982998445936,0.4353663266355855,True,,0.0076238278734187285,,0,75,0,0.0,1.0,0.0
r1bqkbnr/pp1p2pp/2n1pp2/1B6/4P3/5N2/PPPP1PPP/R1BQK2R w KQkq - 2 6,74,41,4,29,0.5540540540540541,0.05405405405405406,0.3918918918918919,0.16216216216216217,0.9196493791088386,1.2291684866013683,-0.05633377815894394,0.38065810248326826,0.43699188064221217,True,0.7625642418861389,0.00934565079247428,0.006236533285108592,1,74,1,0.013513513513513514,1.0,0.013513513513513514
rnbqkbnr/ppppppp1/7p/8/8/7N/PPPPPPPP/RNBQKB1R w KQkq - 0 2,120,67,12,41,0.5583333333333333,0.1,0.3416666666666667,0.21666666666666667,0.8530555555555556,1.3309976126196346,0.05141489440105637,0.38191843893227695,0.33050354453122055,False,,0.010811743652448058,,0,120,0,0.0,1.0,0.0
rnbqkbnr/pppp1pp1/4p2p/8/3P4/7N/PPP1PPPP/RNBQKB1R w KQkq - 0 3,41,23,2,16,0.5609756097560976,0.04878048780487805,0.3902439024390244,0.1707317073170732,0.9220701963117193,1.2101879804885398,-0.12319439460024989,0.4646578092343963,0.5878522038346462,True,1.0732671926761497,0.02154017314769146,0.02340122300501452,29,41,29,0.7073170731707317,1.0,0.7073170731707317
rnbqkbnr/pppp2p1/4pp1p/6B1/3P4/7N/PPP1PPPP/RN1QKB1R w KQkq - 0 4,23,11,2,10,0.4782608695652174,0.08695652173913043,0.43478260869565216,0.043478260869565244,0.9111531190926276,1.337778097192496,-0.3466252474871684,0.4335817692262989,0.7802070167134673,True,0.6848010321458181,0.015417334218711956,0.008916388071837802,6,23,6,0.2608695652173913,1.0,0.2608695652173913
rnbqkbnr/ppppp1pp/5p2/8/8/2N2N2/PPPPPPPP/R1BQKB1R b KQkq - 1 2,1252,700,131,421,0.5591054313099042,0.10463258785942492,0.33626198083067094,0.22284345047923326,0.8457082087190847,1.3384469894286335,0.17190377198455037,0.27378312897391616,0.10187935698936579,False,1.088612440503091,0.017402798014755447,0.01920744791486871,293,1252,293,0.2340255591054313,1.0,0.2340255591054313
rnbqkbnr/pp1pp1pp/2p2p2/8/8/2N1PN2/PPPP1PPP/R1BQKB1R b KQkq - 0 3,113,61,16,36,0.5398230088495575,0.1415929203539823,0.3185840707964602,0.2212389380530973,0.8094604119351555,1.4052030540677602,0.055354106497896405,0.3871237696082982,0.3317696631104018,False,,0.021689072012307898,,0,113,0,0.0,1.0,0.0
rnbqkbnr/pp1p2pp/2p1pp2/8/8/2NBPN2/PPPP1PPP/R1BQK2R b KQkq - 1 4,58,29,13,16,0.5,0.22413793103448276,0.27586206896551724,0.22413793103448276,0.7256242568370986,1.4961333193597481,0.004912975639640577,0.443362886429325,0.4384499107896844,False,0.6060777485370636,0.02838768472830797,0.015485790394644894,10,58,10,0.1724137931034483,1.0,0.1724137931034483
rnbqkbnr/pp1p3p/2p1ppp1/8/3N4/2NBP3/PPPP1PPP/R1BQK2R b KQkq - 1 5,33,17,8,8,0.5151515151515151,0.24242424242424243,0.24242424242424243,0.2727272727272727,0.6831955922865014,1.4841859890173696,-0.00928216910092633,0.5547367145554718,0.5640188836563982,True,0.9136762142181396,0.031904480335387314,0.02598980608245609,5,33,5,0.15151515151515152,1.0,0.15151515151515152
rnbqkbnr/pp1p3p/2p1p1p1/5p2/3N3P/2NBP3/PPPP1PP1/R1BQK2R b KQkq - 0 6,13,7,2,4,0.5384615384615384,0.15384615384615385,0.3076923076923077,0.23076923076923073,0.7928994082840237,1.419556298571613,-0.2532754608956081,0.7148139224340695,0.9680893833296775,True,2.296480894088745,0.017057292091731843,0.026962260083529255,4,13,4,0.3076923076923077,1.0,0.3076923076923077
r2qkbnr/ppp1p2p/n3b1p1/3pQ3/8/1P2P3/P1PP1PPP/RNB1KB1R w KQkq - 1 7,12,3,3,6,0.25,0.25,0.5,-0.25,0.6875,1.5,-0.719130662256193,0.21913066225619304,0.9382613245123861,True,0.5903588235378265,0.019934854314972956,0.011502046185269546,12,12,12,1.0,1.0,1.0
r2qkb1r/ppp1p2p/n3bnp1/3pQ3/8/1PN1P3/P1PP1PPP/R1B1KB1R w KQkq - 3 8,12,3,3,6,0.25,0.25,0.5,-0.25,0.6875,1.5,-0.719130662256193,0.21913066225619304,0.9382613245123861,True,0.6202746868133545,0.04014563358699282,0.02620668623311473,10,12,10,0.8333333333333334,1.0,0.8333333333333334
r2qk2r/ppp1p1bp/n3b1p1/3pQ3/3P2n1/1PN1PP2/P1P3PP/R1B1KB1R w KQkq - 1 10,10,3,2,5,0.3,0.2,0.5,-0.2,0.76,1.4854752972273344,-0.7403247823048222,0.34032478230482227,1.0806495646096446,True,0.973416248957316,0.03136872947216034,0.030764813730684626,3,10,3,0.3,1.0,0.3
rnbqkbnr/ppppp1pp/5p2/8/8/4PN2/PPPP1PPP/RNBQKB1R b KQkq - 0 2,447,248,65,134,0.5548098434004475,0.14541387024608501,0.29977628635346754,0.25503355704697994,0.7895440145338799,1.3970828235454293,0.1726610086376441,0.3374061054563158,0.16474509681867167,False,0.7092789171278014,0.018003194436630947,0.013767530765782715,129,447,129,0.28859060402684567,1.0,0.28859060402684567
rnbqkbnr/ppp1p1pp/5p2/3p2N1/8/4P3/PPPP1PPP/RNBQKB1R b KQkq - 1 3,124,78,22,24,0.6290322580645161,0.1774193548387097,0.1935483870967742,0.43548387096774194,0.6329344432882413,1.321873982172491,0.29545531396980196,0.5755124279656819,0.28005711399587996,False,0.4579270788141199,0.024890142192523324,0.011555517386609454,37,124,37,0.29838709677419356,1.0,0.29838709677419356
rnbqkbnr/ppp1p1pp/8/3p3Q/8/4P3/PPPP1PPP/RNB1KB1R b KQkq - 1 4,119,77,20,22,0.6470588235294118,0.16806722689075632,0.18487394957983194,0.46218487394957986,0.6183179154014548,1.2890310310283202,0.3209049262769268,0.6034648216222329,0.2825598953453061,False,,0.027009140089655125,,0,119,0,0.0,1.0,0.0
rnbqkbnr/ppp1p2p/6p1/3pQ3/8/4P3/PPPP1PPP/RNB1KB1R b KQkq - 1 5,119,77,20,22,0.6470588235294118,0.16806722689075632,0.18487394957983194,0.46218487394957986,0.6183179154014548,1.2890310310283202,0.3209049262769268,0.6034648216222329,0.2825598953453061,False,0.2207197081297636,0.03990188781015512,0.009686691017103392,8,119,8,0.06722689075630252,1.0,0.06722689075630252
rn1qkbnr/ppp1p2p/4b1p1/3pQ3/8/1P2P3/P1PP1PPP/RNB1KB1R b KQkq - 0 6,15,8,3,4,0.5333333333333333,0.2,0.26666666666666666,0.26666666666666666,0.7288888888888889,1.456564762130954,-0.16538245488690256,0.698715788220236,0.8640982431071385,True,,0.029500976453224817,,0,15,0,0.0,1.0,0.0
r2qkbnr/ppp1p2p/n3b1p1/3pQ3/8/1PN1P3/P1PP1PPP/R1B1KB1R b KQkq - 2 7,15,8,3,4,0.5333333333333333,0.2,0.26666666666666666,0.26666666666666666,0.7288888888888889,1.456564762130954,-0.16538245488690256,0.698715788220236,0.8640982431071385,True,0.4880172610282898,0.03239368995030721,0.010542753867828325,1,15,1,0.06666666666666667,1.0,0.06666666666666667
r2qkb1r/ppp1p2p/n3bnp1/3pQ3/8/1PN1PP2/P1PP2PP/R1B1KB1R b KQkq - 0 8,13,7,3,3,0.5384615384615384,0.23076923076923078,0.23076923076923078,0.30769230769230765,0.6745562130177515,1.4572659136233872,-0.1387707077930021,0.7541553231776175,0.8929260309706195,True,0.45501402020454407,0.035849419923929066,0.015258823902512653,4,13,4,0.3076923076923077,1.0,0.3076923076923077
r2qk2r/ppp1p1bp/n3bnp1/3pQ3/3P4/1PN1PP2/P1P3PP/R1B1KB1R b KQkq - 0 9,12,6,3,3,0.5,0.25,0.25,0.25,0.6875,1.5,-0.21913066225619304,0.719130662256193,0.9382613245123861,True,1.210142473379771,0.027119322524716456,0.03495544477202942,6,12,6,0.5,1.0,0.5
rnbqkbnr/ppppp1pp/5p2/8/3N4/8/PPPPPPPP/RNBQKB1R b KQkq - 1 2,214,114,26,74,0.5327102803738317,0.12149532710280374,0.34579439252336447,0.18691588785046725,0.8435671237662676,1.3832406156395058,0.06386038847198604,0.30997138722894846,0.2461109987569624,False,0.5584976004702704,0.016932473343875362,0.009406155685663746,70,214,70,0.32710280373831774,1.0,0.32710280373831774
rnbqkb1r/ppppp1pp/5p1n/5N2/8/8/PPPPPPPP/RNBQKB1R b KQkq - 3 3,115,62,12,41,0.5391304347826087,0.10434782608695652,0.3565217391304348,0.1826086956521739,0.8623062381852551,1.3512348036227964,0.012889902533871345,0.3523274887704765,0.33943758623660514,False,,0.015570031932514647,,0,115,0,0.0,1.0,0.0
rnbqkb1r/ppp1p1pp/5p2/3p4/3PP3/8/PPP2PPP/RNBQKB1R b KQkq - 0 5,14,4,2,8,0.2857142857142857,0.14285714285714285,0.5714285714285714,-0.2857142857142857,0.7755102040816326,1.3787834934861753,-0.7470083129593583,0.17557974153078687,0.9225880544901452,True,,0.021443894931248257,,0,14,0,0.0,1.0,0.0
r2k1b1r/p3p2p/4b1p1/1B1p4/1p6/BP2PP2/P1PP1nPP/RN3RK1 w - - 3 12,26,16,5,5,0.6153846153846154,0.19230769230769232,0.19230769230769232,0.42307692307692313,0.6286982248520709,1.3458519893382606,0.11829968150955716,0.7278541646442891,0.6095544831347319,False,,0.020595581055833742,,0,26,0,0.0,1.0,0.0
r2k1b1r/4p2p/4b1p1/pB1p4/1p6/BP2PP1P/P1PP1nP1/RN3RK1 w - - 0 13,14,8,4,2,0.5714285714285714,0.2857142857142857,0.14285714285714285,0.42857142857142855,0.5306122448979591,1.3787834934861753,0.04700275954732369,0.8101400975955334,0.7631373380482097,False,,0.020062005812568322,,0,14,0,0.0,1.0,0.0
rnbqkb1r/ppppp1pp/5p1n/8/6P1/2N2N2/PPPPPP1P/R1BQKB1R b KQkq - 0 3,641,348,68,225,0.5429017160686428,0.1060842433697348,0.35101404056162244,0.19188767550702035,0.8570948766187777,1.3519612365029627,0.12021831558758192,0.2635570354264588,0.1433387198388769,False,1.2596876110349382,0.021261334773763293,0.032011042451637106,7,641,7,0.0109204368174727,1.0,0.0109204368174727
rnbqkb1r/pp1pp1pp/2p2p1n/8/3P2P1/2N2N2/PPP1PP1P/R1BQKB1R b KQkq - 0 4,93,49,13,31,0.5268817204301075,0.13978494623655913,0.3333333333333333,0.1935483870967742,0.822754075615678,1.4122062915438107,0.00919902553587057,0.3778977486576778,0.3686987231218072,False,,0.025526410209075097,,0,93,0,0.0,1.0,0.0
rnbqkb1r/pp1p2pp/2p1pp1n/8/3PP1P1/2N2N2/PPP2P1P/R1BQKB1R b KQkq - 0 5,72,34,11,27,0.4722222222222222,0.1527777777777778,0.375,0.09722222222222221,0.8377700617283951,1.4559049046932087,-0.11419689789690163,0.30864134234134605,0.4228382402382477,True,1.181215716732873,0.027432652035107214,0.03051281191843226,18,72,18,0.25,1.0,0.25
rnbqkbnr/ppppp1pp/5p2/8/3P4/5N2/PPP1PPPP/RNBQKB1R b KQkq - 0 2,127,62,10,55,0.4881889763779528,0.07874015748031496,0.4330708661417323,0.055118110236220486,0.918221836443673,1.316604084908259,-0.11153753862964191,0.22177375910208288,0.3333112977317248,True,1.321041214466095,0.01658145759225361,0.024542865434032387,30,127,30,0.23622047244094488,1.0,0.23622047244094488
rnbqkbnr/ppp1p1pp/5p2/3p4/3P4/5NP1/PPP1PP1P/RNBQKB1R b KQkq - 0 3,24,14,0,10,0.5833333333333334,0.0,0.4166666666666667,0.16666666666666669,0.9722222222222222,0.9798687566511528,-0.227813562624063,0.5611468959573964,0.7889604585814594,True,1.4310701608657836,0.03199087688699365,0.03308823856589309,5,24,5,0.20833333333333334,1.0,0.20833333333333334
rnbqkbnr/ppp1p1pp/5p2/3p4/8/2N2N2/PPPPPPPP/R1BQKB1R w KQkq - 0 3,54,32,6,16,0.5925925925925926,0.1111111111111111,0.2962962962962963,0.2962962962962963,0.8010973936899862,1.3195212983796365,0.05757351234334074,0.5350190802492518,0.4774455679059111,False,1.4390498583133404,0.008321132200459639,0.012203700625162132,13,54,13,0.24074074074074073,1.0,0.24074074074074073
rnbqkb1r/ppp1p1pp/5p1n/1N1p4/8/5N2/PPPPPPPP/R1BQKB1R w KQkq - 2 4,17,13,0,4,0.7647058823529411,0.0,0.23529411764705882,0.5294117647058822,0.7197231833910036,0.7871265862012691,0.1261320507067023,0.9326914787050622,0.8065594279983599,False,0.9746392965316772,0.01028683250222136,0.011548308707108323,1,17,1,0.058823529411764705,1.0,0.058823529411764705
rnbqkbnr/ppp1pppp/3p4/6N1/8/8/PPPPPPPP/RNBQKB1R b KQkq - 1 2,58,34,9,15,0.5862068965517241,0.15517241379310345,0.25862068965517243,0.32758620689655166,0.7375148632580262,1.373387537375501,0.1065723605189701,0.5486000532741332,0.44202769275516307,False,0.3977490566670895,0.021121408308631386,0.00836999121174689,20,58,20,0.3448275862068966,1.0,0.3448275862068966
rnbqkbnr/ppp1pNpp/3p1p2/8/8/8/PPPPPPPP/RNBQKB1R b KQkq - 1 3,32,16,4,12,0.5,0.125,0.375,0.125,0.859375,1.4056390622295665,-0.19619180766881794,0.44619180766881794,0.6423836153376359,True,0.07121207192540169,0.025606042065192014,0.0026570140773716708,2,32,2,0.0625,1.0,0.0625
rnb1kbnr/ppp1p1pp/5p2/8/8/8/PPPPPPPP/RNBQKB1R b KQkq - 0 4,32,16,4,12,0.5,0.125,0.375,0.125,0.859375,1.4056390622295665,-0.19619180766881794,0.44619180766881794,0.6423836153376359,True,,0.015001744352048263,,0,32,0,0.0,1.0,0.0
r1b1kbnr/ppp1p1pp/2n2p2/8/8/2P5/PP1PPPPP/RNBQKB1R b KQkq - 0 5,29,15,4,10,0.5172413793103449,0.13793103448275862,0.3448275862068966,0.1724137931034483,0.8323424494649228,1.4158209991620065,-0.15963362999146413,0.5044612161983607,0.6640948461898248,True,1.3106180429458618,0.024949186449420863,0.028538248670869848,1,29,1,0.034482758620689655,1.0,0.034482758620689655
r1b1kbnr/ppp3pp/2n2p2/4p3/8/2P1P3/PP1P1PPP/RNBQKB1R b KQkq - 0 6,10,6,0,4,0.6,0.0,0.4,0.19999999999999996,0.96,0.9709505944546686,-0.4072726297031969,0.8072726297031968,1.2145452594063937,True,1.653400222460429,0.032757076621055606,0.05437403567829587,6,10,6,0.6,1.0,0.6
rnbqkbnr/ppp1p1pp/5p2/3p4/3P4/2N2N2/PPP1PPPP/R1BQKB1R b KQkq - 1 3,26,10,3,13,0.38461538461538464,0.11538461538461539,0.5,-0.11538461538461536,0.871301775147929,1.3896749186460426,-0.474179065304625,0.24340983453539428,0.7175888998400193,True,1.439310942377363,0.019680013199551746,0.029057862959356355,7,26,7,0.2692307692307692,1.0,0.2692307692307692
rnbqkbnr/p1p1p1pp/5p2/1p1p4/3PP3/2N2N2/PPP2PPP/R1BQKB1R b KQkq - 0 4,17,7,0,10,0.4117647058823529,0.0,0.5882352941176471,-0.17647058823529416,0.9688581314878892,0.9774178175281716,-0.6443713202416474,0.2914301437710591,0.9358014640127066,True,1.1548348426818849,0.03677543066442013,0.054259856699501084,5,17,5,0.29411764705882354,1.0,0.29411764705882354
rnbqkbnr/pppppppp/8/8/8/7N/PPPPPPPP/RNBQKB1R b KQkq - 1 1,169,78,22,69,0.46153846153846156,0.1301775147928994,0.40828402366863903,0.053254437869822535,0.8669864500542698,1.4253938966433113,-0.08712739025810862,0.1936362659977537,0.2807636562558623,True,1.4221104771427855,0.010100716132582468,0.013864933537909595,169,169,169,1.0,1.0,1.0
rnbqkbnr/ppppppp1/7p/8/8/4P2N/PPPP1PPP/RNBQKB1R b KQkq - 0 2,10,3,1,6,0.3,0.1,0.6,-0.3,0.8099999999999999,1.295461844238322,-0.8578155290741054,0.2578155290741054,1.1156310581482107,True,,0.013998968247324228,,0,10,0,0.0,1.0,0.0
rnbqkbnr/pppp1pp1/4p2p/8/8/2N1P2N/PPPP1PPP/R1BQKB1R b KQkq - 1 3,14,5,2,7,0.35714285714285715,0.14285714285714285,0.5,-0.14285714285714285,0.8367346938775511,1.4315602842833155,-0.6220142800989517,0.3362999943846659,0.9583142744836175,True,1.3718273299080985,0.014045881839202983,0.018510145172080543,7,14,7,0.5,1.0,0.5
rnbqkbnr/pp1p2pp/2p1pp2/8/3P4/2N2N2/PPP1PPPP/R1BQKB1R w KQkq - 0 4,64,38,4,22,0.59375,0.0625,0.34375,0.25,0.875,1.2261134199863002,0.020827696232338128,0.47917230376766184,0.4583446075353237,False,1.5387554457693389,0.010840713519428391,0.016925292988443714,33,64,33,0.515625,1.0,0.515625
rnbqk1nr/pp1p2pp/2p1pp2/8/1b1PP3/2N2N2/PPP2PPP/R1BQKB1R w KQkq - 1 5,49,27,6,16,0.5510204081632653,0.12244897959183673,0.32653061224489793,0.22448979591836732,0.8271553519366929,1.372021322426625,-0.030160152802022555,0.4791397446387572,0.5092998974407797,True,2.1773340702056885,0.016056886513014228,0.02860947161514349,2,49,2,0.04081632653061224,1.0,0.04081632653061224
rnbqkbnr/pp1p2pp/4pp2/8/8/4PN2/PPPP1PPP/R1BQKB1R w KQkq - 0 5,162,91,16,55,0.5617283950617284,0.09876543209876543,0.3395061728395062,0.22222222222222227,0.8518518518518519,1.32636792571217,0.08009652124626604,0.3643479231981785,0.28425140195191245,False,,0.008495838387098945,,0,162,0,0.0,1.0,0.0
rnbqk1nr/pp1p2pp/4pp2/8/1b1N4/4P3/PPPP1PPP/R1BQKB1R w KQkq - 2 6,32,19,2,11,0.59375,0.0625,0.34375,0.25,0.875,1.2261134199863002,-0.07409858010851422,0.5740985801085142,0.6481971602170284,True,,0.01414357838802971,,0,32,0,0.0,1.0,0.0
rnbqk2r/pp1p2pp/4pp1n/8/1b1N4/2P1P3/PP1P1PPP/R1BQKB1R w KQkq - 1 7,10,8,0,2,0.8,0.0,0.2,0.6000000000000001,0.6399999999999999,0.7219280948873623,0.10416397415635087,1.0958360258436493,0.9916720516872983,False,1.007054328918457,0.010936123365536333,0.016036671418292903,2,10,2,0.2,1.0,0.2
rnbqkbnr/pp2p1pp/2p2p2/3p4/3P4/2N2N2/PPP1PPPP/R1BQKB1R w KQkq - 0 4,50,35,2,13,0.7,0.04,0.26,0.43999999999999995,0.7664,1.0512437511965642,0.19734411030514926,0.6826558896948507,0.48531177938970144,False,1.632091109569256,0.016756233647465705,0.02651743767720832,13,50,13,0.26,1.0,0.26
rn1qkbnr/pp2p1pp/2p2p2/3p4/3PP1b1/2N2N2/PPP2PPP/R1BQKB1R w KQkq - 1 5,13,8,1,4,0.6153846153846154,0.07692307692307693,0.3076923076923077,0.3076923076923077,0.8284023668639053,1.2389012566026305,-0.18707053987075534,0.8024551552553707,0.989525695126126,True,0.7898024797439576,0.01193265444957293,0.009989428889828922,5,13,5,0.38461538461538464,1.0,0.38461538461538464
rnbqkbnr/pp1p2pp/2p1pp2/8/8/2N1PN2/PPPP1PPP/R1BQKB1R w KQkq - 0 4,212,129,18,65,0.6084905660377359,0.08490566037735849,0.30660377358490565,0.30188679245283023,0.8239587041651834,1.2611238799291855,0.17969757497461372,0.42407600993104677,0.24437843495643305,False,1.7518221056738565,0.006468990721019372,0.010822327953974732,86,212,86,0.4056603773584906,1.0,0.4056603773584906
rnbqkbnr/pp1p2pp/4p3/5p2/3N4/4P3/PPPP1PPP/R1BQKB1R w KQkq - 0 6,38,21,4,13,0.5526315789473685,0.10526315789473684,0.34210526315789475,0.21052631578947373,0.8504155124653741,1.3441279814912654,-0.08267902682426992,0.5037316584032174,0.5864106852274873,True,0.3113560378551483,0.008838277322387225,0.0029898071216595545,1,38,1,0.02631578947368421,1.0,0.02631578947368421
rnb1kbnr/pp1p2pp/4p3/1N3p2/7q/4P3/PPPP1PPP/R1BQKB1R w KQkq - 2 7,39,21,4,14,0.5384615384615384,0.10256410256410256,0.358974358974359,0.17948717948717946,0.8652202498356344,1.3484372243196734,-0.11244308794044783,0.47141744691480675,0.5838605348552546,True,,0.009042548767935771,,0,39,0,0.0,1.0,0.0
rnb1kbnr/pp1p2pp/4p3/1N3p2/2q5/4P1P1/PPPP1P1P/R1BQKB1R w KQkq - 1 8,39,21,4,14,0.5384615384615384,0.10256410256410256,0.358974358974359,0.17948717948717946,0.8652202498356344,1.3484372243196734,-0.11244308794044783,0.47141744691480675,0.5838605348552546,True,,0.009664999727064218,,0,39,0,0.0,1.0,0.0
rnb1kbnr/pp1p2pp/4p3/1N3p2/8/3PP1P1/PP3P1P/R3KB1R w KQkq - 0 9,39,21,4,14,0.5384615384615384,0.10256410256410256,0.358974358974359,0.17948717948717946,0.8652202498356344,1.3484372243196734,-0.11244308794044783,0.47141744691480675,0.5838605348552546,True,,0.012235750205432758,,0,39,0,0.0,1.0,0.0
rnbk1bnr/ppNp2pp/4p3/5p2/8/3PP1P1/PP3P1P/R3KB1R w KQ - 2 10,39,21,4,14,0.5384615384615384,0.10256410256410256,0.358974358974359,0.17948717948717946,0.8652202498356344,1.3484372243196734,-0.11244308794044783,0.47141744691480675,0.5838605348552546,True,,0.011611375754746871,,0,39,0,0.0,1.0,0.0
rnbk1b1r/ppNp2pp/4pn2/5p2/1P6/3PP1P1/P4P1P/R3KB1R w KQ - 1 11,33,17,4,12,0.5151515151515151,0.12121212121212122,0.36363636363636365,0.1515151515151515,0.8558310376492195,1.3926844736036157,-0.16411983562843713,0.4671501386587401,0.6312699742871772,True,,0.01710833990099755,,0,33,0,0.0,1.0,0.0
rnbkNb1r/pp1p2pp/4p3/5p2/1P4n1/3PP1P1/P4P1P/R3KB1R w KQ - 3 12,21,12,2,7,0.5714285714285714,0.09523809523809523,0.3333333333333333,0.23809523809523808,0.8480725623582765,1.3127443531093745,-0.15577661834805878,0.631967094538535,0.7877437128865937,True,,0.009966041560151748,,0,21,0,0.0,1.0,0.0
rnbqkb1r/ppppp1pp/5p1n/8/3N4/4P3/PPPP1PPP/RNBQKB1R b KQkq - 0 3,39,21,3,15,0.5384615384615384,0.07692307692307693,0.38461538461538464,0.1538461538461538,0.8994082840236687,1.2957378005380122,-0.14379585647738602,0.4514881641696936,0.5952840206470796,True,0.3696284294128418,0.018801669566295087,0.006135681742336807,1,39,1,0.02564102564102564,1.0,0.02564102564102564
rnbqkb1r/ppppp1pp/5p2/8/3N1Pn1/4P3/PPPP2PP/RNBQKB1R b KQkq - 0 4,37,20,3,14,0.5405405405405406,0.08108108108108109,0.3783783783783784,0.16216216216216217,0.8926223520818116,1.3041447626906477,-0.14226339381807418,0.4665877181423985,0.6088511119604727,True,,0.02829552607963214,,0,37,0,0.0,1.0,0.0
rnbqkbnr/pppppppp/8/8/4P3/8/PPPP1PPP/RNBQKBNR b KQkq - 0 1,23,10,4,9,0.43478260869565216,0.17391304347826086,0.391304347826087,0.04347826086956519,0.8241965973534972,1.491013870758994,-0.3275436703285594,0.4145001920676898,0.7420438623962492,True,1.3214244738869045,0.017332589496736942,0.023186659934994146,23,23,23,1.0,1.0,1.0
rnbqkbnr/pppp1ppp/4p3/8/3PP3/8/PPP2PPP/RNBQKBNR b KQkq - 0 2,17,8,1,8,0.47058823529411764,0.058823529411764705,0.47058823529411764,0.0,0.9411764705882353,1.2639334294856335,-0.46116799636236566,0.46116799636236566,0.9223359927247313,True,1.905693680047989,0.016328737304052886,0.031208953146092344,16,17,16,0.9411764705882353,1.0,0.9411764705882353
rnbqkb1r/ppppp1pp/5p1n/8/3N4/7P/PPPPPPP1/RNBQKB1R b KQkq - 0 3,35,17,7,11,0.4857142857142857,0.2,0.3142857142857143,0.17142857142857143,0.7706122448979592,1.4952230009258445,-0.11939661934014778,0.46225376219729064,0.5816503815374384,True,1.4913663864135742,0.022548339861844267,0.03359369520260691,2,35,2,0.05714285714285714,1.0,0.05714285714285714
rnbqkb1r/p1ppp1pp/5p1n/1p6/3N4/4P2P/PPPP1PP1/RNBQKB1R b KQkq - 0 4,11,5,2,4,0.45454545454545453,0.18181818181818182,0.36363636363636365,0.09090909090909088,0.8099173553719008,1.4949188482339508,-0.44092001431744593,0.6227381961356278,1.0636582104530736,True,,0.02973800152540207,,0,11,0,0.0,1.0,0.0
rnbqkbnr/pppp2pp/4pp2/8/8/4PN2/PPPP1PPP/RNBQKB1R w KQkq - 0 3,120,63,12,45,0.525,0.1,0.375,0.15000000000000002,0.8775000000000001,1.3508774745753187,-0.017602707693896713,0.31760270769389676,0.33520541538779347,True,1.1662981172925548,0.010655424875828127,0.01218999516023298,76,120,76,0.6333333333333333,1.0,0.6333333333333333
rnbqk2r/pp1p2pp/2p1pp1n/8/3PP1P1/2N5/PPP2P1P/R1BQKB1R w KQkq - 0 7,35,22,1,12,0.6285714285714286,0.02857142857142857,0.34285714285714286,0.2857142857142857,0.889795918367347,1.0970817135542688,-0.026792371551026484,0.5982209429795979,0.6250133145306245,True,1.293996771176656,0.016554779027189527,0.023812379590736604,3,35,3,0.08571428571428572,1.0,0.08571428571428572
rnbqkb1r/pp1p2pp/2p1p2n/5p2/3PP1PN/2N5/PPP2P1P/R1BQKB1R b KQkq - 1 6,11,4,2,5,0.36363636363636365,0.18181818181818182,0.45454545454545453,-0.09090909090909088,0.8099173553719008,1.4949188482339508,-0.6227381961356278,0.44092001431744593,1.0636582104530736,True,0.5358742214739323,0.018147201446646995,0.010034815676362399,8,11,8,0.7272727272727273,1.0,0.7272727272727273
rnbqkbnr/pp1p3p/4ppp1/8/3N4/4P3/PPPP1PPP/R1BQKB1R w KQkq - 0 6,57,34,8,15,0.5964912280701754,0.14035087719298245,0.2631578947368421,0.3333333333333333,0.7485380116959064,1.3490813205394905,0.10872927829916679,0.5579373883674998,0.44920811006833306,False,0.8632296323776245,0.008804378402010914,0.005726981122313735,1,57,1,0.017543859649122806,1.0,0.017543859649122806
rnbqk1nr/pp1p3p/3bppp1/1N6/8/4P3/PPPP1PPP/R1BQKB1R w KQkq - 2 7,64,38,10,16,0.59375,0.15625,0.25,0.34375,0.7255859375,1.3649917740667208,0.13505957063373034,0.5524404293662697,0.4173808587325394,False,0.8842847347259521,0.004455167192645604,0.015689314586599057,2,64,2,0.03125,1.0,0.03125
rnbq1knr/ppNp3p/3bppp1/8/8/4P3/PPPP1PPP/R1BQKB1R w KQ - 4 8,60,37,9,14,0.6166666666666667,0.15,0.23333333333333334,0.38333333333333336,0.7030555555555557,1.330522788107545,0.17117148609845712,0.5954951805682096,0.4243236944697525,False,0.9536092281341553,0.004893562153059369,0.019569510566647796,1,60,1,0.016666666666666666,1.0,0.016666666666666666
rnbq1k1r/ppNp3p/3bpppn/8/5P2/4P3/PPPP2PP/R1BQKB1R w KQ - 1 9,25,19,4,2,0.76,0.16,0.08,0.68,0.3775999999999999,1.0154312795575997,0.4391236955867929,0.9208763044132072,0.48175260882641435,False,,0.0038892782013863324,,0,25,0,0.0,1.0,0.0
rnbqkbnr/pppp1ppp/8/4p3/8/5N2/PPPPPPPP/RNBQKB1R w KQkq - 0 2,305,169,34,102,0.5540983606557377,0.11147540983606558,0.3344262295081967,0.21967213114754097,0.840268744961032,1.3532892153509266,0.11679774041239094,0.322546521882691,0.20574878147030007,False,1.4305829459563233,0.007679383542205467,0.010689141805337933,266,305,266,0.8721311475409836,1.0,0.8721311475409836
rnbqkbnr/pppp2pp/8/4ppN1/8/8/PPPPPPPP/RNBQKB1R w KQkq - 0 3,28,20,1,7,0.7142857142857143,0.03571428571428571,0.25,0.4642857142857143,0.7487244897959184,1.0184246951950873,0.14378419347384225,0.7847872350975864,0.6410030416237442,False,1.547806007521493,0.012232817044215543,0.018145321104353074,7,28,7,0.25,1.0,0.25
rnbqkb1r/pp1p2pp/2p1p2n/8/3P2P1/2N2N2/PPP2P1P/R1BQKB1R b KQkq - 0 6,33,14,6,13,0.42424242424242425,0.18181818181818182,0.3939393939393939,0.03030303030303033,0.8172635445362717,1.5014104754503443,-0.278138027962496,0.33874408856855664,0.6168821165310526,True,0.8929502129554748,0.023267591315688507,0.020038260789492245,5,33,5,0.15151515151515152,1.0,0.15151515151515152
rnbqk2r/pp1p2pp/2p1p2n/6N1/1b1P2P1/2N5/PPP2P1P/R1BQKB1R b KQkq - 2 7,28,12,5,11,0.42857142857142855,0.17857142857142858,0.39285714285714285,0.0357142857142857,0.8201530612244897,1.4972499831968558,-0.29972701271426544,0.37115558414283684,0.6708825968571023,True,1.3097261360713415,0.028296596171068295,0.032511231099407824,7,28,7,0.25,1.0,0.25
rnbqk2r/pp4pp/2p1p2n/3p2N1/1b1P2PP/2N5/PPP2P2/R1BQKB1R b KQkq - 0 8,14,5,2,7,0.35714285714285715,0.14285714285714285,0.5,-0.14285714285714285,0.8367346938775511,1.4315602842833155,-0.6220142800989517,0.3362999943846659,0.9583142744836175,True,0.3360952377319336,0.02648031884538276,0.010103754207515614,5,14,5,0.35714285714285715,1.0,0.35714285714285715
r3kbnr/pp2p2p/4b1p1/3p4/8/4P3/PPPP1PPP/RNB1KB1R b KQkq - 0 6,72,48,14,10,0.6666666666666666,0.19444444444444445,0.1388888888888889,0.5277777777777777,0.5270061728395063,1.2449187529382073,0.36009452349498083,0.6954610320605745,0.3353665085655937,False,,0.02805864681593246,,0,72,0,0.0,1.0,0.0
r3kbnr/p3p2p/4b1p1/1p1p4/8/1P2P3/P1PP1PPP/RNB1KB1R b KQkq - 0 7,53,36,9,8,0.6792452830188679,0.16981132075471697,0.1509433962264151,0.5283018867924528,0.5510857956568174,1.225153943904632,0.32844470237350276,0.7281590712114029,0.3997143688379001,False,,0.03208545381027573,,0,53,0,0.0,1.0,0.0
r3kb1r/p3p2p/4bnp1/1p1p4/8/BP2P3/P1PP1PPP/RN2KB1R b KQkq - 2 8,32,22,6,4,0.6875,0.1875,0.125,0.5625,0.49609375,1.1994602933016414,0.31846339210141505,0.806536607898585,0.4880732157971699,False,,0.04486465506488457,,0,32,0,0.0,1.0,0.0
r3kb1r/p3p2p/4bnp1/1B1p4/1p6/BP2P3/P1PP1PPP/RN2K2R b KQkq - 1 9,32,22,6,4,0.6875,0.1875,0.125,0.5625,0.49609375,1.1994602933016414,0.31846339210141505,0.806536607898585,0.4880732157971699,False,,0.04334655340062454,,0,32,0,0.0,1.0,0.0
r2k1b1r/p3p2p/4bnp1/1B1p4/1p6/BP2PP2/P1PP2PP/RN2K2R b KQ - 0 10,32,22,6,4,0.6875,0.1875,0.125,0.5625,0.49609375,1.1994602933016414,0.31846339210141505,0.806536607898585,0.4880732157971699,False,,0.0382687856326811,,0,32,0,0.0,1.0,0.0
r2k1b1r/p3p2p/4b1p1/1B1p4/1p2n3/BP2PP2/P1PP2PP/RN3RK1 b - - 2 11,29,19,6,4,0.6551724137931034,0.20689655172413793,0.13793103448275862,0.5172413793103448,0.5255648038049942,1.2641741758256733,0.2533882624243569,0.7810944961963326,0.5277062337719758,False,,0.0286779152550574,,0,29,0,0.0,1.0,0.0
r2k1b1r/p3p2p/4b1p1/1B1p4/1p6/BP2PP1P/P1PP1nP1/RN3RK1 b - - 0 12,21,12,6,3,0.5714285714285714,0.2857142857142857,0.14285714285714285,0.42857142857142855,0.5306122448979591,1.3787834934861753,0.1170219149241038,0.7401209422187534,0.6230990272946495,False,,0.043602763896896726,,0,21,0,0.0,1.0,0.0
rnbqkb1r/ppppp1pp/5p1n/8/8/2N2N1P/PPPPPPP1/R1BQKB1R b KQkq - 0 3,125,72,10,43,0.576,0.08,0.344,0.23199999999999998,0.866176,1.2795181606228043,0.06884658911383912,0.39515341088616085,0.32630682177232173,False,0.6557950576146444,0.015527385085821152,0.009218798576560652,6,125,6,0.048,1.0,0.048
rnbqkb1r/ppppp1pp/5p2/8/8/2N5/PPPPPPP1/R1BQKB1R b KQkq - 0 4,108,63,9,36,0.5833333333333334,0.08333333333333333,0.3333333333333333,0.25000000000000006,0.8541666666666667,1.280672129520887,0.07569593202911279,0.4243040679708873,0.34860813594177453,False,,0.019621443141389777,,0,108,0,0.0,1.0,0.0
rnbqkb1r/pp1pp1pp/2p2p2/8/4P3/2N5/PPPP1PP1/R1BQKB1R b KQkq - 0 5,56,36,3,17,0.6428571428571429,0.05357142857142857,0.30357142857142855,0.33928571428571436,0.831313775510204,1.158086067497917,0.10048448060193166,0.578086947969497,0.47760246736756534,False,,0.026030369701662233,,0,56,0,0.0,1.0,0.0
rnbqkb1r/pp1pp2p/2p2pp1/8/3PP3/2N5/PPP2PP1/R1BQKB1R b KQkq - 0 6,12,9,0,3,0.75,0.0,0.25,0.5,0.75,0.8112781244591328,0.010009003864986488,0.9899909961350135,0.979981992270027,False,,0.028895570586125057,,0,12,0,0.0,1.0,0.0
rnbqkb1r/ppppp1pp/5p1n/8/3N4/8/PPPPPPPP/RNBQKB1R w KQkq - 2 3,137,61,22,54,0.44525547445255476,0.16058394160583941,0.39416058394160586,0.0510948905109489,0.8368053705578347,1.4728758908569946,-0.10208439407346473,0.20427417509536253,0.30635856916882725,True,0.9203913382121495,0.011331316471154238,0.009296333776682328,14,137,14,0.10218978102189781,1.0,0.10218978102189781
rnbqkb1r/ppppp1pp/5p2/8/8/8/PPPPPPPP/RNBQKB1R w KQkq - 0 4,93,47,14,32,0.5053763440860215,0.15053763440860216,0.34408602150537637,0.16129032258064513,0.8234477974332293,1.4384206934988333,-0.023136741559709295,0.34571738672099955,0.36885412828070885,True,,0.015448919908013396,,0,93,0,0.0,1.0,0.0
rnbqkb1r/pp1pp1pp/2p2p2/8/8/2N5/PPPPPPPP/R1BQKB1R w KQkq - 0 5,63,32,12,19,0.5079365079365079,0.19047619047619047,0.30158730158730157,0.20634920634920634,0.7669438145628622,1.473626387562107,-0.009902523855058604,0.4226009365534713,0.43250346040852994,True,,0.012524735152957931,,0,63,0,0.0,1.0,0.0
rnbqkb1r/pp1pp2p/2p2pp1/8/4P3/2N5/PPPP1PPP/R1BQKB1R w KQkq - 0 6,24,11,7,6,0.4583333333333333,0.2916666666666667,0.25,0.20833333333333331,0.6649305555555555,1.5343371980653047,-0.11790171407547984,0.5345683807421464,0.6524700948176263,True,,0.015063853507551054,,0,24,0,0.0,1.0,0.0
rnbqk2r/pp1pp2p/2p2ppb/8/3PP3/2N5/PPP2PPP/R1BQKB1R w KQkq - 1 7,23,10,7,6,0.43478260869565216,0.30434782608695654,0.2608695652173913,0.17391304347826086,0.665406427221172,1.5504949818133702,-0.15945784210762665,0.5072839290641484,0.6667417711717751,True,1.085490107536316,0.018231134902199974,0.018044837678869774,1,23,1,0.043478260869565216,1.0,0.043478260869565216
rnbqk2r/pp2p2p/2pp1ppb/8/3PPP2/2N5/PPP3PP/R1BQKB1R w KQkq - 0 8,10,3,5,2,0.3,0.5,0.2,0.09999999999999998,0.49,1.4854752972273344,-0.3338565226131931,0.533856522613193,0.8677130452263861,True,,0.0157234450802207,,0,10,0,0.0,1.0,0.0
rnbqkb1r/pp1p2pp/2p1p2n/5p2/3PP1P1/2N2N2/PPP2P1P/R1BQKB1R w KQkq - 0 6,168,89,20,59,0.5297619047619048,0.11904761904761904,0.35119047619047616,0.1785714285714286,0.8490646258503401,1.3812770825043241,0.03923527294855095,0.31790758419430626,0.2786723112457553,False,1.2476130520176685,0.0112575522036336,0.013604930392905225,117,168,117,0.6964285714285714,1.0,0.6964285714285714
rnbqk2r/pp1p2pp/2p1p2n/8/1b1P2P1/2N2N2/PPP2P1P/R1BQKB1R w KQkq - 1 7,57,29,9,19,0.5087719298245614,0.15789473684210525,0.3333333333333333,0.17543859649122812,0.8113265620190827,1.444795336496171,-0.05839586205222427,0.4092730550346805,0.4676689170869047,True,,0.013346963619257798,,0,57,0,0.0,1.0,0.0
rnbqk2r/pp4pp/2p1p2n/3p2N1/1b1P2P1/2N5/PPP2P1P/R1BQKB1R w KQkq - 0 8,23,15,4,4,0.6521739130434783,0.17391304347826086,0.17391304347826086,0.4782608695652174,0.5973534971644612,1.2799376545731964,0.16239705323355136,0.7941246858968835,0.6317276326633321,False,,0.020031254779061546,,0,23,0,0.0,1.0,0.0
rnbqkbnr/ppppppp1/7p/8/3P4/7N/PPP1PPPP/RNBQKB1R b KQkq - 0 2,64,31,7,26,0.484375,0.109375,0.40625,0.078125,0.884521484375,1.3837030820614884,-0.15229082174427758,0.30854082174427755,0.4608316434885551,True,1.7657324917176191,0.015827369294129312,0.03546546168892249,17,64,17,0.265625,1.0,0.265625
rnbqkbnr/ppp1ppp1/7p/3p4/3PP3/7N/PPP2PPP/RNBQKB1R b KQkq - 0 3,31,13,3,15,0.41935483870967744,0.0967741935483871,0.4838709677419355,-0.06451612903225806,0.8990634755463061,1.358584608060248,-0.39829775160090286,0.26926549353638674,0.6675632451372896,True,1.924451510111491,0.01586272519442343,0.03356887171715169,9,31,9,0.2903225806451613,1.0,0.2903225806451613
rnbqkbnr/pppp2pp/8/4pp2/8/4PN2/PPPP1PPP/RNBQKB1R w KQkq - 0 3,24,11,4,9,0.4583333333333333,0.16666666666666666,0.375,0.08333333333333331,0.8263888888888888,1.4773344666381945,-0.2803594678135641,0.4470261344802307,0.7273856022937948,True,0.9894894725746579,0.011656202414693931,0.011423979303862306,18,24,18,0.75,1.0,0.75
rnbqkbnr/pp1pp1pp/2p2p2/8/4P3/2N2N2/PPPP1PPP/R1BQKB1R b KQkq - 0 3,35,21,1,13,0.6,0.02857142857142857,0.37142857142857144,0.22857142857142854,0.9191836734693878,1.1194435251110189,-0.08905396760134998,0.546196824744207,0.635250792345557,True,,0.022046111524105072,,0,35,0,0.0,1.0,0.0
rnbqkbnr/pp1p2pp/2p1pp2/8/3PP3/2N2N2/PPP2PPP/R1BQKB1R b KQkq - 0 4,36,20,1,15,0.5555555555555556,0.027777777777777776,0.4166666666666667,0.1388888888888889,0.9529320987654322,1.1409827561124506,-0.1799915056307942,0.457769283408572,0.6377607890393662,True,1.920517086982727,0.02276628174715572,0.03622901137963508,4,36,4,0.1111111111111111,1.0,0.1111111111111111
rnbqkb1r/ppppp1pp/5p2/8/8/2N1P3/PPPP1P1P/R1BQKB1R b KQkq - 0 4,19,12,3,4,0.631578947368421,0.15789473684210525,0.21052631578947367,0.42105263157894735,0.6648199445983379,1.3124308023479359,0.0544265894661452,0.7876786736917495,0.7332520842256043,False,,0.0233216400405294,,0,19,0,0.0,1.0,0.0
rnbqkb1r/ppppp1pp/5p2/8/8/2N5/PPPPPPPP/R1BQKB1R b KQkq - 1 4,78,44,9,25,0.5641025641025641,0.11538461538461539,0.32051282051282054,0.24358974358974356,0.8252794214332676,1.3515468217162225,0.04198474412861877,0.44519474305086837,0.4032099989222496,False,,0.015510495393895186,,0,78,0,0.0,1.0,0.0
rnbqkb1r/pp1pp1pp/2p2p2/8/4P3/2N5/PPPP1PPP/R1BQKB1R b KQkq - 0 5,45,27,5,13,0.6,0.1111111111111111,0.28888888888888886,0.3111111111111111,0.7920987654320987,1.31191266591446,0.05107629338556702,0.5711459288366552,0.5200696354510881,False,,0.02023963870273696,,0,45,0,0.0,1.0,0.0
rnbqkb1r/pp1pp2p/2p2pp1/8/3PP3/2N5/PPP2PPP/R1BQKB1R b KQkq - 0 6,17,11,2,4,0.6470588235294118,0.11764705882352941,0.23529411764705882,0.411764705882353,0.7128027681660899,1.2607717938967942,0.01042851988928839,0.8131008918754176,0.8026723719861292,False,,0.027624562930534866,,0,17,0,0.0,1.0,0.0
rnbqkbnr/ppp1p1pp/5p2/3p4/3P4/5N2/PPP1PPPP/RNBQKB1R w KQkq - 0 3,91,52,7,32,0.5714285714285714,0.07692307692307693,0.3516483516483517,0.21978021978021972,0.8747735780702814,1.2762083786850698,0.027614806899641464,0.411945632660798,0.3843308257611565,False,1.5406486235166852,0.013418378789428172,0.02118770690709263,76,91,76,0.8351648351648352,1.0,0.8351648351648352
rn1qkbnr/ppp1p1pp/5p2/3p4/3PP1b1/5N2/PPP2PPP/RNBQKB1R w KQkq - 1 4,16,7,1,8,0.4375,0.0625,0.5,-0.0625,0.93359375,1.271782221599798,-0.5359423107598753,0.41094231075987536,0.9468846215197506,True,1.5584672039205378,0.006536887842230499,0.010850821106135312,11,16,11,0.6875,1.0,0.6875
rnbqk2r/pp1p2pp/2p1p3/5nN1/1b1P2P1/2N5/PPP2P1P/R1BQKB1R w KQkq - 3 8,22,9,4,9,0.4090909090909091,0.18181818181818182,0.4090909090909091,0.0,0.8181818181818182,1.5022202538208598,-0.3779737702771849,0.3779737702771849,0.7559475405543697,True,,0.016541345425966112,,0,22,0,0.0,1.0,0.0
rnbqk2r/pp4pp/2ppp3/5nN1/1b1P2PP/2N5/PPP2P2/R1BQKB1R w KQkq - 0 9,20,9,4,7,0.45,0.2,0.35,0.10000000000000003,0.79,1.5128876215181604,-0.28953513759020244,0.4895351375902025,0.779070275180405,True,1.3135231733322144,0.013990409905090928,0.016039928853207375,1,20,1,0.05,1.0,0.05
rnbqkb1r/ppppp1pp/5p2/8/3N2n1/4P3/PPPP1PPP/RNBQKB1R w KQkq - 1 4,18,8,3,7,0.4444444444444444,0.16666666666666666,0.3888888888888889,0.055555555555555525,0.8302469135802468,1.4806821149663847,-0.36537986635398373,0.4764909774650948,0.8418708438190785,True,0.03507289551198482,0.013057004065356322,0.0003818352132255062,5,18,5,0.2777777777777778,1.0,0.2777777777777778
rnbqkb1r/p1ppp1pp/5p2/1p6/3N1Pn1/4P3/PPPP2PP/RNBQKB1R w KQkq - 0 5,15,7,3,5,0.4666666666666667,0.2,0.3333333333333333,0.13333333333333336,0.7822222222222223,1.5058231002082845,-0.3142434351506528,0.5809101018173195,0.8951535369679723,True,1.0705935955047607,0.02176152877509594,0.027081985676575826,1,15,1,0.06666666666666667,1.0,0.06666666666666667
rnbqkbnr/ppp1p1pp/5p2/3pN3/8/4P3/PPPP1PPP/RNBQKB1R b KQkq - 1 3,10,7,2,1,0.7,0.2,0.1,0.6,0.43999999999999995,1.1567796494470395,0.188874486183913,1.0111255138160868,0.8222510276321738,False,,0.02996363416314125,,0,10,0,0.0,1.0,0.0
rnbqkbnr/pp1p3p/2p1ppp1/8/8/2NBPN2/PPPP1PPP/R1BQK2R w KQkq - 0 5,81,50,5,26,0.6172839506172839,0.06172839506172839,0.32098765432098764,0.2962962962962963,0.8504801097393689,1.2038761431952243,0.09546210022059576,0.4971304923719968,0.40166839215140104,False,1.2046603560447693,0.011830508237543665,0.012810460050959477,22,81,22,0.2716049382716049,1.0,0.2716049382716049
rnbqkbnr/pp1p3p/2p1p1p1/5p2/7N/2NBP3/PPPP1PPP/R1BQK2R w KQkq - 0 6,14,8,1,5,0.5714285714285714,0.07142857142857142,0.35714285714285715,0.21428571428571425,0.8826530612244898,1.2638091738835462,-0.2778434345340913,0.7064148631055198,0.9842582976396111,True,,0.013606699981859751,,0,14,0,0.0,1.0,0.0
rnbqkbnr/pp1p3p/2p1ppp1/8/7N/2NBP3/PPPP1PPP/R1BQK2R b KQkq - 1 5,13,6,3,4,0.46153846153846156,0.23076923076923078,0.3076923076923077,0.15384615384615385,0.7455621301775148,1.5262349099495225,-0.3155270961328364,0.6232194038251442,0.9387464999579807,True,1.080287218093872,0.026581512190974675,0.03244373494423791,2,13,2,0.15384615384615385,1.0,0.15384615384615385
rnbqkbnr/pp1p2pp/2p1pp2/8/3N4/2N1P3/PPPP1PPP/R1BQKB1R b KQkq - 1 4,30,17,2,11,0.5666666666666667,0.06666666666666667,0.36666666666666664,0.2,0.8933333333333333,1.2555367253996506,-0.13821606571112782,0.5382160657111279,0.6764321314222557,True,1.634778156876564,0.0181290490552783,0.0316082714238671,8,30,8,0.26666666666666666,1.0,0.26666666666666666
rnbqkbnr/pp1p2pp/2p1p3/5p2/3N4/2N1P3/PPPP1PPP/R1BQKB1R w KQkq - 0 5,11,8,0,3,0.7272727272727273,0.0,0.2727272727272727,0.4545454545454546,0.7933884297520661,0.8453509366224364,-0.07182884899526343,0.9809197580861726,1.052748607081436,True,1.476132697529263,0.007947626566006378,0.011932366529122631,9,11,9,0.8181818181818182,1.0,0.8181818181818182
rnbqkbnr/pp1p2pp/2p1pp2/1N6/4P3/5N2/PPPP1PPP/R1BQKB1R b KQkq - 1 4,13,10,0,3,0.7692307692307693,0.0,0.23076923076923078,0.5384615384615385,0.710059171597633,0.7793498372920851,0.08040014956695185,0.9965229273561252,0.9161227777891734,False,0.316105584303538,0.0234597002944121,0.00579792781977817,3,13,3,0.23076923076923078,1.0,0.23076923076923078
rnbqkbnr/pp1p2pp/4pp2/1B6/4P3/5N2/PPPP1PPP/R1BQK2R b KQkq - 1 5,48,29,3,16,0.6041666666666666,0.0625,0.3333333333333333,0.2708333333333333,0.8641493055555556,1.2175388265365092,0.007853851710436066,0.5338128149562306,0.5259589632457945,False,,0.031001600010010105,,0,48,0,0.0,1.0,0.0
r1bqkbnr/pp1p2pp/2n1pp2/1B6/3PP3/5N2/PPP2PPP/R1BQK2R b KQkq - 0 6,31,17,2,12,0.5483870967741935,0.06451612903225806,0.3870967741935484,0.16129032258064513,0.9094693028095733,1.2604408810349512,-0.17441734957304678,0.49699799473433703,0.6714153443073838,True,1.33237357934316,0.028127199399375146,0.03281341962867601,6,31,6,0.1935483870967742,1.0,0.1935483870967742
r1bqk1nr/pp1p2pp/2n1pp2/1B6/1b1PP3/2P2N2/PP3PPP/R1BQK2R b KQkq - 0 7,26,16,2,8,0.6153846153846154,0.07692307692307693,0.3076923076923077,0.3076923076923077,0.8284023668639053,1.2389012566026305,-0.04215785689870033,0.6575424722833157,0.6997003291820161,True,1.6062956651051838,0.039947449874419436,0.059566085823219254,9,26,9,0.34615384615384615,1.0,0.34615384615384615
r1bqkbnr/pp1p2pp/2n1pp2/1B6/8/4PN2/PPPP1PPP/R1BQK2R w KQkq - 2 6,39,20,4,15,0.5128205128205128,0.10256410256410256,0.38461538461538464,0.12820512820512814,0.880999342537804,1.3612504026603247,-0.16637509008983303,0.4227853465000893,0.5891604365899223,True,1.4848231077194214,0.0100955447802941,0.017193608117309078,2,39,2,0.05128205128205128,1.0,0.05128205128205128
r1bqk1nr/pp1p2pp/2n1pp2/1B6/1b1P4/4PN2/PPP2PPP/R1BQK2R w KQkq - 1 7,24,15,3,6,0.625,0.125,0.25,0.375,0.734375,1.2987949406953985,0.032152164373704495,0.7178478356262955,0.685695671252591,False,,0.019241385472317536,,0,24,0,0.0,1.0,0.0
r1bqk2r/pp1p2pp/2n1pp1n/1B6/1b1P4/2P1PN2/PP3PPP/R1BQK2R w KQkq - 1 8,14,8,2,4,0.5714285714285714,0.14285714285714285,0.2857142857142857,0.2857142857142857,0.7755102040816326,1.3787834934861753,-0.17557974153078687,0.7470083129593583,0.9225880544901452,True,0.8360947171847025,0.011234007044030088,0.012582384407997879,3,14,3,0.21428571428571427,1.0,0.21428571428571427
rnbqkbnr/pppppppp/8/8/8/4P3/PPPP1PPP/RNBQKBNR b KQkq - 0 1,91,46,11,34,0.5054945054945055,0.12087912087912088,0.37362637362637363,0.13186813186813184,0.8617316749184881,1.3966810755157908,-0.05885941512855991,0.3225956788648236,0.3814550939933835,True,0.49974312690588146,0.014680983723847421,0.007312555509476976,91,91,91,1.0,1.0,1.0
rnbqkbnr/pppp1ppp/4p3/8/8/4PN2/PPPP1PPP/RNBQKB1R b KQkq - 1 2,57,27,9,21,0.47368421052631576,0.15789473684210525,0.3684210526315789,0.10526315789473684,0.8310249307479224,1.4618381992568745,-0.13139293467006677,0.3419192504595404,0.47331218512960715,True,1.213443028165939,0.019762546428593628,0.023518830719516996,47,57,47,0.8245614035087719,1.0,0.8245614035087719
r3kbnr/p3p2p/4b1p1/1p6/3p4/1P2P3/P1PP1PPP/RNB1KB1R w KQkq - 0 8,10,4,3,3,0.4,0.3,0.3,0.10000000000000003,0.69,1.5709505944546684,-0.4148404205459149,0.614840420545915,1.02968084109183,True,,0.016639161249622704,,0,10,0,0.0,1.0,0.0
rnbqkbnr/pppp1ppp/8/4p3/4P3/5N2/PPPP1PPP/RNBQKB1R b KQkq - 0 2,227,118,24,85,0.5198237885462555,0.10572687224669604,0.3744493392070485,0.14537444933920707,0.8731393972326263,1.3640409568340441,0.023818294204723978,0.26693060447369016,0.24311231026896618,False,1.2488171231390826,0.017504385524810935,0.022768176178956226,134,227,134,0.5903083700440529,1.0,0.5903083700440529
rnbqkbnr/pppp2pp/4pp2/8/3N4/4P3/PPPP1PPP/RNBQKB1R b KQkq - 1 3,276,133,39,104,0.48188405797101447,0.14130434782608695,0.37681159420289856,0.10507246376811591,0.8476554295316111,1.4370426410391854,-0.003545891946415747,0.21369081948264756,0.2172367114290633,True,1.6415690268789018,0.01889206206196568,0.032083536030783885,56,276,56,0.2028985507246377,1.0,0.2028985507246377
rnbqkbnr/pp1p2pp/2p1pp2/1N6/8/4P3/PPPP1PPP/RNBQKB1R b KQkq - 1 4,102,48,17,37,0.47058823529411764,0.16666666666666666,0.3627450980392157,0.10784313725490197,0.8217031910803536,1.4732602158524521,-0.06807292370488977,0.2837591982146937,0.35183212191958346,True,1.0294974420381628,0.020299670112994956,0.02035192121491959,23,102,23,0.22549019607843138,1.0,0.22549019607843138
rnbqkbnr/pp1p2pp/4pp2/7Q/8/4P3/PPPP1PPP/RNB1KB1R b KQkq - 1 5,60,32,10,18,0.5333333333333333,0.16666666666666666,0.3,0.23333333333333334,0.7788888888888889,1.435591746027931,0.010022279995809347,0.4566443866708573,0.446622106675048,False,,0.023203116127600273,,0,60,0,0.0,1.0,0.0
rnbqkbnr/pp1p3p/4ppp1/1Q6/8/4P3/PPPP1PPP/RNB1KB1R b KQkq - 1 6,60,32,10,18,0.5333333333333333,0.16666666666666666,0.3,0.23333333333333334,0.7788888888888889,1.435591746027931,0.010022279995809347,0.4566443866708573,0.446622106675048,False,,0.033677619167913994,,0,60,0,0.0,1.0,0.0
r1bqkbnr/pp1p3p/1Qn1ppp1/8/8/4P3/PPPP1PPP/RNB1KB1R b KQkq - 3 7,59,32,10,17,0.5423728813559322,0.1694915254237288,0.288135593220339,0.2542372881355932,0.7658718758977305,1.429996451902021,0.030931414713292693,0.4775431615578937,0.44661174684460103,False,0.5570196062326431,0.029785531809774494,0.016111386555201987,8,59,8,0.13559322033898305,1.0,0.13559322033898305
r1bqkbnr/1p1p3p/4ppp1/1B6/8/4P3/PPPP1PPP/RNB1K2R b KQkq - 1 8,19,12,5,2,0.631578947368421,0.2631578947368421,0.10526315789473684,0.5263157894736842,0.4598337950138504,1.2674438038072338,0.22140574338509122,0.8312258355622771,0.6098200921771859,False,0.03613103926181793,0.030074396121658777,0.0010353761856412291,1,19,1,0.05263157894736842,1.0,0.05263157894736842
r4bnr/1p3k1p/4ppp1/8/8/4P3/PPPP1PPP/RNB1K2R b KQ - 0 9,19,12,5,2,0.631578947368421,0.2631578947368421,0.10526315789473684,0.5263157894736842,0.4598337950138504,1.2674438038072338,0.22140574338509122,0.8312258355622771,0.6098200921771859,False,,0.023120404074066563,,0,19,0,0.0,1.0,0.0
5bnr/1p3k1p/4ppp1/8/1P6/4P3/2PP1PPP/2B1K2R b K - 0 10,16,11,3,2,0.6875,0.1875,0.125,0.5625,0.49609375,1.1994602933016414,0.21738011939429602,0.907619880605704,0.690239761211408,False,,0.016256005212198943,,0,16,0,0.0,1.0,0.0
rnbqkbnr/ppp1p1pp/5p2/3p4/8/2N1PN2/PPPP1PPP/R1BQKB1R b KQkq - 1 3,23,16,3,4,0.6956521739130435,0.13043478260869565,0.17391304347826086,0.5217391304347826,0.5973534971644612,1.1863929342238186,0.20587531410311655,0.8376029467664486,0.6317276326633321,False,0.28245342522859573,0.026397263712209205,0.007837980171144936,10,23,10,0.43478260869565216,1.0,0.43478260869565216
rnbqkbnr/p1p1p1pp/5p2/1p1p2N1/8/2N1P3/PPPP1PPP/R1BQKB1R b KQkq - 1 4,10,5,2,3,0.5,0.2,0.3,0.2,0.76,1.4854752972273344,-0.34032478230482227,0.7403247823048222,1.0806495646096446,True,,0.025566643662750722,,0,10,0,0.0,1.0,0.0
rnbqkbnr/p1p1p1pp/8/1p1p3Q/8/2N1P3/PPPP1PPP/R1B1KB1R b KQkq - 1 5,18,13,2,3,0.7222222222222222,0.1111111111111111,0.16666666666666666,0.5555555555555556,0.5802469135802468,1.1221136771091087,0.20365637299569378,0.9074547381154174,0.7037983651197237,False,,0.032551686072515115,,0,18,0,0.0,1.0,0.0
rnbqkbnr/p1p1p2p/6p1/1p1pQ3/8/2N1P3/PPPP1PPP/R1B1KB1R b KQkq - 1 6,18,13,2,3,0.7222222222222222,0.1111111111111111,0.16666666666666666,0.5555555555555556,0.5802469135802468,1.1221136771091087,0.20365637299569378,0.9074547381154174,0.7037983651197237,False,0.2587670087814331,0.04199847330649694,0.01902233841137857,1,18,1,0.05555555555555555,1.0,0.05555555555555555
rnbqkb1r/pp1pp1pp/2p2p2/8/3P4/2N5/PPP1PPP1/R1BQKB1R b KQkq - 0 5,40,23,4,13,0.575,0.1,0.325,0.24999999999999994,0.8374999999999999,1.3182370617587251,-0.03360279275473166,0.5336027927547315,0.5672055855094632,True,,0.03148230970837176,,0,40,0,0.0,1.0,0.0
rn1qkbnr/pp2p2p/2p1b1p1/1B1pQ3/8/4P3/PPPP1PPP/RNB1K2R w KQkq - 0 7,32,18,3,11,0.5625,0.09375,0.34375,0.21875,0.8583984375,1.31664733333952,-0.10225926044880457,0.5397592604488046,0.6420185208976092,True,0.6433043877283732,0.011118126727524213,0.007956229110835862,30,32,30,0.9375,1.0,0.9375
r3kbnr/pp2p2p/2p1b1p1/1B1p4/8/4P3/PPPP1PPP/RNB1K2R w KQkq - 0 8,29,17,3,9,0.5862068965517241,0.10344827586206896,0.3103448275862069,0.2758620689655172,0.8204518430439953,1.3141506221482602,-0.05380505517410106,0.6055291931051354,0.6593342482792365,True,,0.006905816736277835,,0,29,0,0.0,1.0,0.0
r3kbnr/pp2p2p/2p1b1p1/1B6/3p4/1P2P3/P1PP1PPP/RNB1K2R w KQkq - 0 9,12,6,1,5,0.5,0.08333333333333333,0.4166666666666667,0.08333333333333331,0.9097222222222223,1.3250112108241772,-0.45631627945081826,0.622982946117485,1.0792992255683032,True,1.389078974723816,0.008252288137252132,0.004810170348503118,2,12,2,0.16666666666666666,1.0,0.16666666666666666
rnbqkbnr/pppp2pp/4pp2/8/8/2N2N2/PPPPPPPP/R1BQKB1R w KQkq - 0 3,75,53,3,19,0.7066666666666667,0.04,0.25333333333333335,0.4533333333333333,0.7544888888888889,1.041548099169999,0.2567512725262179,0.6499153941404487,0.39316412161423087,False,1.0344624718030293,0.007540712114423514,0.007544791734586304,6,75,6,0.08,1.0,0.08
rnbqk1nr/pppp2pp/4pp2/1N6/1b6/5N2/PPPPPPPP/R1BQKB1R w KQkq - 2 4,45,31,3,11,0.6888888888888889,0.06666666666666667,0.24444444444444444,0.4444444444444444,0.7358024691358025,1.1276592979037443,0.19382056133359438,0.6950683275552945,0.5012477662217001,False,,0.01168741269244088,,0,45,0,0.0,1.0,0.0
rnbqk1nr/pp1p2pp/2p1pp2/1N6/1b6/2P2N2/PP1PPPPP/R1BQKB1R w KQkq - 0 5,41,28,3,10,0.6829268292682927,0.07317073170731707,0.24390243902439024,0.4390243902439025,0.7340868530636526,1.1482811200168639,0.17676570130616587,0.7012830791816391,0.5245173778754733,False,0.17800605297088623,0.012173098398417962,0.0015388054536785711,1,41,1,0.024390243902439025,1.0,0.024390243902439025
rnbq1knr/ppNp2pp/2p1pp2/8/1b6/2P2N2/PP1PPPPP/R1BQKB1R w KQ - 2 6,38,25,3,10,0.6578947368421053,0.07894736842105263,0.2631578947368421,0.3947368421052632,0.7652354570637119,1.1934387451434483,0.11660300001304053,0.6728706841974859,0.5562676841844454,False,,0.007639467023852232,,0,38,0,0.0,1.0,0.0
rnbqNknr/pp1p3p/2p1ppp1/8/1b6/2P2N2/PP1PPPPP/R1BQKB1R w KQ - 0 7,21,14,1,6,0.6666666666666666,0.047619047619047616,0.2857142857142857,0.38095238095238093,0.8072562358276644,1.115520093581932,-0.0033244034523052246,0.7652291653570671,0.7685535688093723,True,,0.013175126165151596,,0,21,0,0.0,1.0,0.0
rnbqkbnr/pp1pp1pp/2p2p2/8/3P4/2N2N2/PPP1PPPP/R1BQKB1R b KQkq - 0 3,51,29,7,15,0.5686274509803921,0.13725490196078433,0.29411764705882354,0.2745098039215686,0.7873894655901577,1.3756352979081505,0.030976812722810054,0.5180427951203271,0.4870659823975171,False,,0.020420310306636727,,0,51,0,0.0,1.0,0.0
rnbqkbnr/ppp1pppp/3p4/8/8/5N2/PPPPPPPP/RNBQKB1R w KQkq - 0 2,90,60,10,20,0.6666666666666666,0.1111111111111111,0.2222222222222222,0.4444444444444444,0.691358024691358,1.224394445405986,0.27266217326606246,0.6162267156228264,0.3435645423567639,False,1.1935481597215702,0.00963683552108705,0.011961666457058597,78,90,78,0.8666666666666667,1.0,0.8666666666666667
rnbqkbnr/ppp1p1pp/3p1p2/6N1/8/8/PPPPPPPP/RNBQKB1R w KQkq - 0 3,45,28,2,15,0.6222222222222222,0.044444444444444446,0.3333333333333333,0.2888888888888889,0.8720987654320986,1.1538687240687704,0.016038441655912283,0.5617393361218656,0.5457008944659533,False,1.1613494157791138,0.00948046353749103,0.008608581538200063,9,45,9,0.2,1.0,0.2
rnb1kbnr/pppqpNpp/3p1p2/8/8/8/PPPPPPPP/RNBQKB1R w KQkq - 2 4,31,19,2,10,0.6129032258064516,0.06451612903225806,0.3225806451612903,0.2903225806451613,0.8511966701352758,1.2145219973448833,-0.03445212819838023,0.6150972894887028,0.6495494176870831,True,,0.02252627061980386,,0,31,0,0.0,1.0,0.0
r1b1kbnr/ppp1p1pp/2n2p2/8/8/8/PPPPPPPP/RNBQKB1R w KQkq - 1 5,31,19,2,10,0.6129032258064516,0.06451612903225806,0.3225806451612903,0.2903225806451613,0.8511966701352758,1.2145219973448833,-0.03445212819838023,0.6150972894887028,0.6495494176870831,True,,0.012424879692374699,,0,31,0,0.0,1.0,0.0
r1b1kbnr/ppp3pp/2n2p2/4p3/8/2P5/PP1PPPPP/RNBQKB1R w KQkq - 0 6,20,13,1,6,0.65,0.05,0.3,0.35000000000000003,0.8274999999999999,1.1411535278793057,-0.04867324804433443,0.7486732480443345,0.7973464960886689,True,,0.017542512132786216,,0,20,0,0.0,1.0,0.0
rnbqkbnr/ppp2pp1/4p2p/3p4/3PP3/7N/PPP2PPP/RNBQKB1R w KQkq - 0 4,18,9,1,8,0.5,0.05555555555555555,0.4444444444444444,0.05555555555555558,0.941358024691358,1.2516291673878228,-0.3926624027949311,0.5037735139060422,0.8964359167009732,True,1.4363541392719044,0.01928195052055849,0.02778044426662504,17,18,17,0.9444444444444444,1.0,0.9444444444444444
r3kbnr/p3p2p/4b1p1/1p6/2Bp4/1P2P3/P1PP1PPP/RNB1K2R b KQkq - 1 8,10,7,3,0,0.7,0.3,0.0,0.7,0.21000000000000002,0.8812908992306927,0.4159742349106746,0.9840257650893254,0.5680515301786508,False,,0.033782338909804824,,0,10,0,0.0,1.0,0.0
rn1qkbnr/ppp1p2p/4b1p1/1B1pQ3/8/4P3/PPPP1PPP/RNB1K2R b KQkq - 3 6,19,14,1,4,0.7368421052631579,0.05263157894736842,0.21052631578947367,0.5263157894736842,0.6703601108033241,1.0214554656116666,0.15816530817797952,0.8944662707693889,0.7363009625914094,False,,0.03041269041989979,,0,19,0,0.0,1.0,0.0
rn1qkbnr/ppQ1p2p/2p1b1p1/1B1p4/8/4P3/PPPP1PPP/RNB1K2R b KQkq - 1 7,16,11,1,4,0.6875,0.0625,0.25,0.4375,0.74609375,1.1216407621868583,0.014261856559878217,0.8607381434401218,0.8464762868802436,False,,0.06247808923944831,,0,16,0,0.0,1.0,0.0
r3kbnr/pp2p2p/2p1b1p1/1B1p4/8/1P2P3/P1PP1PPP/RNB1K2R b KQkq - 0 8,11,7,1,3,0.6363636363636364,0.09090909090909091,0.2727272727272727,0.36363636363636365,0.7768595041322314,1.2406705316766884,-0.15722601520270474,0.884498742475432,1.0417247576781368,True,,0.018921914510428905,,0,11,0,0.0,1.0,0.0
rnbqkbnr/pp1p3p/2p1p1p1/5p2/3N4/2NBP1P1/PPPP1P1P/R1BQK2R b KQkq - 0 6,11,6,4,1,0.5454545454545454,0.36363636363636365,0.09090909090909091,0.4545454545454545,0.42975206611570255,1.3221793455166666,0.06714445662449703,0.841946452466412,0.774801995841915,False,1.738586664199829,0.026849381794983692,0.039694744704817264,3,11,3,0.2727272727272727,1.0,0.2727272727272727
rnbqkbnr/p1p1p1pp/5p2/1p1pN3/8/2N1P3/PPPP1PPP/R1BQKB1R b KQkq - 1 4,11,10,1,0,0.9090909090909091,0.09090909090909091,0.0,0.9090909090909091,0.08264462809917361,0.4394969869215134,0.7392043331338483,1.0789774850479699,0.3397731519141216,False,,0.032005666331811386,,0,11,0,0.0,1.0,0.0
rn1qkbnr/ppp1p1pp/5p2/3p4/3P4/5NPb/PPP1PP1P/RNBQKB1R w KQkq - 1 4,11,7,0,4,0.6363636363636364,0.0,0.36363636363636365,0.2727272727272727,0.9256198347107438,0.9456603046006401,-0.295821955864798,0.8412765013193434,1.1370984571841414,True,0.06776531785726547,0.022293382070281288,0.001434223056279882,1,11,1,0.09090909090909091,1.0,0.09090909090909091
rnbqkbnr/pp1p2pp/2p1pp2/8/3N4/4P3/PPPP1PPP/RNBQKB1R w KQkq - 0 4,49,29,6,14,0.5918367346938775,0.12244897959183673,0.2857142857142857,0.30612244897959184,0.7838400666389005,1.3352365222410656,0.05822972456760461,0.554015173391579,0.4957854488239744,False,0.6258111869295439,0.009322051224964005,0.005589436484189982,36,49,36,0.7346938775510204,1.0,0.7346938775510204
rnbqkbnr/pp1p2pp/4pp2/8/8/4P3/PPPP1PPP/RNBQKB1R w KQkq - 0 5,25,16,4,5,0.64,0.16,0.2,0.44,0.6464000000000001,1.2994705707972523,0.12484169173593518,0.7551583082640648,0.6303166165281296,False,,0.007560618240386247,,0,25,0,0.0,1.0,0.0
rnbqkbnr/pp1p3p/4ppp1/7Q/8/4P3/PPPP1PPP/RNB1KB1R w KQkq - 0 6,25,16,4,5,0.64,0.16,0.2,0.44,0.6464000000000001,1.2994705707972523,0.12484169173593518,0.7551583082640648,0.6303166165281296,False,0.2341058353583018,0.013153393380343914,0.0036593870321244837,21,25,21,0.84,1.0,0.84
r1bqkbnr/pp1p3p/2n1ppp1/1Q6/8/4P3/PPPP1PPP/RNB1KB1R w KQkq - 2 7,25,16,4,5,0.64,0.16,0.2,0.44,0.6464000000000001,1.2994705707972523,0.12484169173593518,0.7551583082640648,0.6303166165281296,False,0.16820530518889426,0.015480927154421807,0.003272415617550986,10,25,10,0.4,1.0,0.4
r1bqkbnr/1p1p3p/4ppp1/8/8/4P3/PPPP1PPP/RNB1KB1R w KQkq - 0 8,13,7,2,4,0.5384615384615384,0.15384615384615385,0.3076923076923077,0.23076923076923073,0.7928994082840237,1.419556298571613,-0.2532754608956081,0.7148139224340695,0.9680893833296775,True,,0.009679366941921987,,0,13,0,0.0,1.0,0.0
r1bq1bnr/1p1p1k1p/4ppp1/1B6/8/4P3/PPPP1PPP/RNB1K2R w KQ - 2 9,13,7,2,4,0.5384615384615384,0.15384615384615385,0.3076923076923077,0.23076923076923073,0.7928994082840237,1.419556298571613,-0.2532754608956081,0.7148139224340695,0.9680893833296775,True,,0.012802578007372526,,0,13,0,0.0,1.0,0.0
5bnr/1p3k1p/4ppp1/8/8/4P3/1PPP1PPP/2B1K2R w K - 0 10,13,7,2,4,0.5384615384615384,0.15384615384615385,0.3076923076923077,0.23076923076923073,0.7928994082840237,1.419556298571613,-0.2532754608956081,0.7148139224340695,0.9680893833296775,True,,0.012157836570762671,,0,13,0,0.0,1.0,0.0
r1bq1k1r/ppNp2pp/2pbp2n/4PpN1/3P2PP/8/PP3P2/R3KB1R w KQ - 0 11,15,9,2,4,0.6,0.13333333333333333,0.26666666666666666,0.3333333333333333,0.7555555555555555,1.3382689280764646,-0.10654813201942431,0.7732147986860909,0.8797629307055153,True,0.19052979070693254,0.015186008003850778,0.003155850370377633,8,15,8,0.5333333333333333,1.0,0.5333333333333333
r1bq1k2/ppNp2p1/2p1p3/4Pp2/1b1P2PP/8/PP3P2/R3KB1R w KQ - 1 12,15,9,2,4,0.6,0.13333333333333333,0.26666666666666666,0.3333333333333333,0.7555555555555555,1.3382689280764646,-0.10654813201942431,0.7732147986860909,0.8797629307055153,True,,0.03457623062034448,,0,15,0,0.0,1.0,0.0
rnbqk2r/pp1p2pp/2pbp2n/5p2/3PP1PN/2N5/PPP2P1P/R1BQKB1R w KQkq - 2 7,39,23,3,13,0.5897435897435898,0.07692307692307693,0.3333333333333333,0.25641025641025644,0.8573307034845496,1.2622604540594544,-0.03418597387361266,0.5470064866941255,0.5811924605677382,True,0.8813265037536621,0.009916974948002743,0.009164999534631468,25,39,25,0.6410256410256411,1.0,0.6410256410256411
rnbqk2r/pp1p2pp/2p1p2n/5pP1/3PP2N/2N3b1/PPP2P1P/R1BQKB1R w KQkq - 1 8,29,17,3,9,0.5862068965517241,0.10344827586206896,0.3103448275862069,0.2758620689655172,0.8204518430439953,1.3141506221482602,-0.05380505517410106,0.6055291931051354,0.6593342482792365,True,0.004367210019457464,0.017066448670009088,8.247239577311288e-05,24,29,24,0.8275862068965517,1.0,0.8275862068965517
rnbqk2r/pp1p3p/2p1p1pn/5pP1/3PP3/2N5/PPP2P2/R1BQKB1R w KQkq - 0 9,30,18,3,9,0.6,0.1,0.3,0.3,0.8099999999999999,1.295461844238322,-0.022054945869088294,0.6220549458690883,0.6441098917381766,True,1.659800554576673,0.029724084585905076,0.050456529933767126,19,30,19,0.6333333333333333,1.0,0.6333333333333333
rnbqkbnr/pppp1pp1/7p/4p3/3P4/5N2/PPP1PPPP/RNBQKB1R w KQkq - 0 3,13,7,1,5,0.5384615384615384,0.07692307692307693,0.38461538461538464,0.1538461538461538,0.8994082840236687,1.2957378005380122,-0.3616849305011575,0.6693772381934651,1.0310621686946226,True,1.3235289133512056,0.016735333806047074,0.02177809535751035,13,13,13,1.0,1.0,1.0
rnbqkbnr/ppp1p1pp/5p2/3p4/3PP3/5N2/PPP2PPP/RNBQKB1R b KQkq - 0 3,53,25,5,23,0.4716981132075472,0.09433962264150944,0.4339622641509434,0.037735849056603765,0.9042363830544679,1.3553172430893081,-0.21827074098523802,0.29374243909844555,0.5120131800836836,True,1.7333840692744535,0.026411080276066402,0.05234537591096922,17,53,17,0.32075471698113206,1.0,0.32075471698113206
rnbqkb1r/ppppp1pp/5p2/8/4P3/2N5/PPPP1P1P/R1BQKB1R b KQkq - 0 4,63,40,4,19,0.6349206349206349,0.06349206349206349,0.30158730158730157,0.3333333333333333,0.8253968253968254,1.1901728353900336,0.10899204303740079,0.5576746236292658,0.448682580591865,False,,0.02640503491201098,,0,63,0,0.0,1.0,0.0
rnbqkbnr/ppp1ppp1/7p/3p4/3P4/7N/PPP1PPPP/RNBQKB1R w KQkq - 0 3,26,14,3,9,0.5384615384615384,0.11538461538461539,0.34615384615384615,0.1923076923076923,0.8476331360946745,1.3701635095276021,-0.16157993584584324,0.5461953204612278,0.7077752563070709,True,0.46688462048768997,0.019222719702296533,0.01000169825794274,4,26,4,0.15384615384615385,1.0,0.15384615384615385
rnbqkbnr/ppp2pp1/7p/3pp3/3PP3/7N/PPP2PPP/RNBQKB1R w KQkq - 0 4,12,6,1,5,0.5,0.08333333333333333,0.4166666666666667,0.08333333333333331,0.9097222222222223,1.3250112108241772,-0.45631627945081826,0.622982946117485,1.0792992255683032,True,1.7436566027727993,0.01565232496553411,0.027230549702243503,11,12,11,0.9166666666666666,1.0,0.9166666666666666
rnbqkb1r/ppppp1pp/5p1n/4N3/8/2N5/PPPPPPPP/R1BQKB1R b KQkq - 3 3,13,11,1,1,0.8461538461538461,0.07692307692307693,0.07692307692307693,0.7692307692307692,0.33136094674556227,0.7732283485249176,0.4563152692447756,1.0821462692167627,0.6258309999719871,False,,0.01609665506447737,,0,13,0,0.0,1.0,0.0
rnbqkbnr/pppp1ppp/4p3/8/8/4P3/PPPP1PPP/RNBQKBNR w KQkq - 0 2,50,22,8,20,0.44,0.16,0.4,0.03999999999999998,0.8384,1.4729350396193688,-0.2137983087126451,0.29379830871264506,0.5075966174252902,True,1.3505732452869414,0.007006405694410205,0.009894253769443546,50,50,50,1.0,1.0,1.0
rnbqk2r/pp1p2pp/2p1pp1n/8/1b1PP1P1/2N2N2/PPP2P1P/R1BQKB1R w KQkq - 1 6,48,35,5,8,0.7291666666666666,0.10416666666666667,0.16666666666666666,0.5625,0.5794270833333333,1.1029927909813513,0.3471589294369326,0.7778410705630674,0.4306821411261348,False,1.1143091917037964,0.017574871482793242,0.024421638381304955,1,48,1,0.020833333333333332,1.0,0.020833333333333332
rnbqk2r/pp1p2pp/2p1p2n/5pN1/1b1PP1P1/2N5/PPP2P1P/R1BQKB1R w KQkq - 0 7,36,26,3,7,0.7222222222222222,0.08333333333333333,0.19444444444444445,0.5277777777777778,0.6381172839506173,1.0972082062135597,0.266833910406658,0.7887216451488976,0.5218877347422397,False,0.5975582599639893,0.017213780355329316,0.012139355692748321,2,36,2,0.05555555555555555,1.0,0.05555555555555555
rnbqkr2/pp1p2pp/2p1p2n/5pN1/1b1PP1P1/2N5/PPP2P1P/R1BQKBR1 w Qq - 2 8,12,11,0,1,0.9166666666666666,0.0,0.08333333333333333,0.8333333333333333,0.3055555555555557,0.41381685030363374,0.5205795584958712,1.1460871081707953,0.6255075496749241,False,1.211792230606079,0.03127111789459983,0.06209661380462972,1,12,1,0.08333333333333333,1.0,0.08333333333333333
rnbqkbnr/pppp2pp/4pp2/8/8/3BPN2/PPPP1PPP/RNBQK2R b KQkq - 1 3,25,13,5,7,0.52,0.2,0.28,0.24,0.7424000000000001,1.469182539187755,-0.09775133032947891,0.5777513303294789,0.6755026606589578,True,1.0952521935105324,0.03160706341266632,0.034931636490246346,8,25,8,0.32,1.0,0.32
rnbqkbnr/pppp3p/4ppp1/8/7N/3BP3/PPPP1PPP/RNBQK2R b KQkq - 1 4,17,9,3,5,0.5294117647058824,0.17647058823529413,0.29411764705882354,0.23529411764705882,0.7681660899653979,1.4466479595102752,-0.18133651309660648,0.6519247483907241,0.8332612614873306,True,1.1094618638356526,0.03275241144001484,0.03794782212906034,3,17,3,0.17647058823529413,1.0,0.17647058823529413
rnbqkbnr/pppp3p/4p1p1/5p2/7N/3BP1P1/PPPP1P1P/RNBQK2R b KQkq - 0 5,15,8,2,5,0.5333333333333333,0.13333333333333333,0.3333333333333333,0.2,0.8266666666666667,1.3995812306460644,-0.26011635908325603,0.660116359083256,0.9202327181665121,True,2.066362420717875,0.024567554394404095,0.056805116255032186,6,15,6,0.4,1.0,0.4
rnbqkbnr/pppp1pp1/4p2p/8/8/4P2N/PPPP1PPP/RNBQKB1R w KQkq - 0 3,19,9,2,8,0.47368421052631576,0.10526315789473684,0.42105263157894735,0.05263157894736842,0.89196675900277,1.3779630390761746,-0.3720325963684824,0.47729575426321924,0.8493283506317016,True,0.7264481484889984,0.011490974942908475,0.008083835608840522,12,19,12,0.631578947368421,1.0,0.631578947368421
rnbqkb1r/ppppp1pp/5p2/8/6n1/2N2N1P/PPPPPPP1/R1BQKB1R w KQkq - 1 4,120,74,11,35,0.6166666666666667,0.09166666666666666,0.2916666666666667,0.325,0.8027083333333335,1.2645722418199652,0.16469895489194888,0.48530104510805117,0.3206020902161023,False,0.009749321267008781,0.01668378181445102,0.00013281249401202525,3,120,3,0.025,1.0,0.025
rnbqkb1r/pp1pp1pp/2p2p2/8/8/2N5/PPPPPPP1/R1BQKB1R w KQkq - 0 5,111,68,11,32,0.6126126126126126,0.0990990990990991,0.2882882882882883,0.3243243243243243,0.7957146335524713,1.280891352746202,0.15837890298585225,0.49026974566279635,0.33189084267694413,False,,0.011533787734135314,,0,111,0,0.0,1.0,0.0
rnbqkb1r/pp1pp2p/2p2pp1/8/3P4/2N5/PPP1PPP1/R1BQKB1R w KQkq - 0 6,10,7,1,2,0.7,0.1,0.2,0.49999999999999994,0.6499999999999999,1.1567796494470395,0.0003052698445598634,0.99969473015544,0.9993894603108802,False,,0.019595593959093095,,0,10,0,0.0,1.0,0.0
r1bqkbnr/pp1p2pp/2n1pp2/1B6/4P3/5N2/PPPP1PPP/R1BQ1RK1 b kq - 3 6,15,10,1,4,0.6666666666666666,0.06666666666666667,0.26666666666666666,0.39999999999999997,0.7733333333333334,1.158938532350277,-0.04502645274710915,0.8450264527471091,0.8900529054942182,True,1.7556060552597046,0.03083405109743277,0.0468537813918487,4,15,4,0.26666666666666666,1.0,0.26666666666666666
rnbqkbnr/pp1pp1pp/2p2p2/3N4/8/5N2/PPPPPPPP/R1BQKB1R b KQkq - 1 3,95,55,10,30,0.5789473684210527,0.10526315789473684,0.3157894736842105,0.26315789473684215,0.8254847645429363,1.3235315761100483,0.0804569388985314,0.4458588505751529,0.3654019116766215,False,,0.020586860199507916,,0,95,0,0.0,1.0,0.0
rnbqkbnr/pp1pp1pp/5p2/8/8/4PN2/PPPP1PPP/R1BQKB1R b KQkq - 0 4,68,43,8,17,0.6323529411764706,0.11764705882352941,0.25,0.38235294117647056,0.736159169550173,1.281341477229075,0.17842370260902857,0.5862821797439126,0.40785847713488405,False,,0.025020180078332916,,0,68,0,0.0,1.0,0.0
rnbqkbnr/pp1p2pp/4pp2/8/3N4/4P3/PPPP1PPP/R1BQKB1R b KQkq - 1 5,71,44,9,18,0.6197183098591549,0.1267605633802817,0.2535211267605634,0.3661971830985915,0.7391390597103749,1.307451820082379,0.1662192878185895,0.5661750783785935,0.39995579056000397,False,1.7055976629257201,0.01932671739601753,0.03975791805022553,5,71,5,0.07042253521126761,1.0,0.07042253521126761
rnbqkbnr/pp1p3p/4ppp1/1N6/8/4P3/PPPP1PPP/R1BQKB1R b KQkq - 1 6,31,18,4,9,0.5806451612903226,0.12903225806451613,0.2903225806451613,0.2903225806451613,0.7866805411030178,1.3545842123564742,-0.021901537768179047,0.6025466990585017,0.6244482368266807,True,0.3017760366201401,0.03120900384120403,0.012750407874050074,2,31,2,0.06451612903225806,1.0,0.06451612903225806
r1bq1bnr/ppQp1k1p/2n1ppp1/8/8/4P3/PPPP1PPP/RNB1KB1R b KQ - 5 8,40,20,5,15,0.5,0.125,0.375,0.125,0.859375,1.4056390622295665,-0.1622826863054061,0.4122826863054061,0.5745653726108122,True,1.0753711462020874,0.029111347487196328,0.02838764467858862,4,40,4,0.1,1.0,0.1
r1bq2nr/ppQp1k1p/2n1ppp1/8/1b6/2P1P3/PP1P1PPP/RNB1KB1R b KQ - 0 9,20,14,2,4,0.7,0.1,0.2,0.49999999999999994,0.6499999999999999,1.1567796494470395,0.14666246778390624,0.8533375322160937,0.7066750644321874,False,0.8731406688690185,0.04616521671414375,0.040992873934767894,5,20,5,0.25,1.0,0.25
rnbqk1nr/pp1p2pp/2p1pp2/8/1b1N4/2N1P3/PPPP1PPP/R1BQKB1R w KQkq - 2 5,13,6,2,5,0.46153846153846156,0.15384615384615385,0.38461538461538464,0.07692307692307693,0.8402366863905326,1.4604846813131114,-0.4213612588351105,0.5752074126812643,0.9965686715163748,True,0.5209349555273851,0.012385055852624087,0.005377242210532746,6,13,6,0.46153846153846156,1.0,0.46153846153846156
rnbqkb1r/pp1p2pp/2p1pp2/8/3PP3/2N5/PPP2PPP/R1BQKB1R b KQkq - 0 6,27,14,4,9,0.5185185185185185,0.14814814814814814,0.3333333333333333,0.18518518518518517,0.8175582990397805,1.4277655050602363,-0.15587072091287996,0.5262410912832503,0.6821118121961303,True,,0.023389682932584373,,0,27,0,0.0,1.0,0.0
rnbqkbnr/pppp1ppp/8/4p3/3P4/5N2/PPP1PPPP/RNBQKB1R b KQkq - 0 2,80,36,12,32,0.45,0.15,0.4,0.04999999999999999,0.8475000000000001,1.4577174691301482,-0.1517311438071187,0.2517311438071187,0.4034622876142374,True,1.8064146026968957,0.013867542066145688,0.025534997697060653,80,80,80,1.0,1.0,1.0
rnbqkbnr/pppp2pp/4pp2/8/4P3/5N2/PPPP1PPP/RNBQKB1R w KQkq - 0 3,21,13,1,7,0.6190476190476191,0.047619047619047616,0.3333333333333333,0.28571428571428575,0.8707482993197279,1.1657840518150733,-0.11338850179946552,0.684817073228037,0.7982055750275026,True,1.1211230436960855,0.007772189298910754,0.0085867732863539,15,21,15,0.7142857142857143,1.0,0.7142857142857143
rnbqkbnr/p1p1p1pp/5p2/1p1p4/8/2N1PN2/PPPP1PPP/R1BQKB1R w KQkq - 0 4,13,7,3,3,0.5384615384615384,0.23076923076923078,0.23076923076923078,0.30769230769230765,0.6745562130177515,1.4572659136233872,-0.1387707077930021,0.7541553231776175,0.8929260309706195,True,0.825694739818573,0.018115307992467515,0.024926514064184557,1,13,1,0.07692307692307693,1.0,0.07692307692307693
rnbqkbnr/p1p1p1pp/8/1p1p4/8/2N1P3/PPPP1PPP/R1BQKB1R w KQkq - 0 5,12,6,3,3,0.5,0.25,0.25,0.25,0.6875,1.5,-0.21913066225619304,0.719130662256193,0.9382613245123861,True,,0.01764052772584061,,0,12,0,0.0,1.0,0.0
rnbqkbnr/p1p1p2p/6p1/1p1p3Q/8/2N1P3/PPPP1PPP/R1B1KB1R w KQkq - 0 6,12,6,3,3,0.5,0.25,0.25,0.25,0.6875,1.5,-0.21913066225619304,0.719130662256193,0.9382613245123861,True,0.02562737718901851,0.01978266433191796,0.0004830981600849765,11,12,11,0.9166666666666666,1.0,0.9166666666666666
rn1qkbnr/p1p1p2p/4b1p1/1p1pQ3/8/2N1P3/PPPP1PPP/R1B1KB1R w KQkq - 2 7,10,6,2,2,0.6,0.2,0.2,0.39999999999999997,0.6400000000000001,1.3709505944546687,-0.09583602584364936,0.8958360258436493,0.9916720516872987,True,1.3633622725804646,0.018896991573274135,0.025100421117679787,9,10,9,0.9,1.0,0.9
rnbqk2r/pp1p2pp/2p1p3/5nN1/1b1P2PP/2N5/PPP2P2/R1BQKB1R b KQkq - 0 8,11,5,2,4,0.45454545454545453,0.18181818181818182,0.36363636363636365,0.09090909090909088,0.8099173553719008,1.4949188482339508,-0.44092001431744593,0.6227381961356278,1.0636582104530736,True,1.063137948513031,0.02283807285130024,0.02342167525884271,5,11,5,0.45454545454545453,1.0,0.45454545454545453
rnbqkbnr/ppp1p1pp/8/3p4/3P4/8/PPP1PPPP/RNBQKB1R w KQkq - 0 4,16,11,1,4,0.6875,0.0625,0.25,0.4375,0.74609375,1.1216407621868583,0.014261856559878217,0.8607381434401218,0.8464762868802436,False,1.3427741527557373,0.013394061767030507,0.01547860535125789,1,16,1,0.0625,1.0,0.0625
rnbqkb1r/ppp1p1pp/5n2/3p2B1/3P4/8/PPP1PPPP/RN1QKB1R w KQkq - 2 5,12,8,1,3,0.6666666666666666,0.08333333333333333,0.25,0.41666666666666663,0.7430555555555556,1.188721875540867,-0.07105057707833562,0.9043839104116689,0.9754344874900045,True,,0.030570820905268192,,0,12,0,0.0,1.0,0.0
rnbqkbnr/ppp1p1pp/5p2/3p4/4P3/5N2/PPPP1PPP/RNBQKB1R w KQkq - 0 3,17,11,1,5,0.6470588235294118,0.058823529411764705,0.29411764705882354,0.35294117647058826,0.8166089965397924,1.1660870601063933,-0.07662562534778838,0.7825079782889649,0.8591336036367533,True,1.4566405330385481,0.006255946382332374,0.008543146669377052,14,17,14,0.8235294117647058,1.0,0.8235294117647058
rn1qkbnr/ppp1p2p/4b1p1/3pQ3/8/2N1P3/PPPP1PPP/R1B1KB1R b KQkq - 3 6,10,4,2,4,0.4,0.2,0.4,0.0,0.8,1.5219280948873621,-0.5543615297398711,0.5543615297398711,1.1087230594797421,True,0.43101105093955994,0.03046098966151476,0.017493267534857027,1,10,1,0.1,1.0,0.1
rnbqkb1r/pp1pp1pp/2p2p2/8/3P4/2N5/PPP1PPPP/R1BQKB1R b KQkq - 0 5,27,13,3,11,0.48148148148148145,0.1111111111111111,0.4074074074074074,0.07407407407407407,0.8834019204389574,1.3876892931631746,-0.28044971186399986,0.428597860012148,0.7090475718761479,True,,0.022771043461506015,,0,27,0,0.0,1.0,0.0
rnbqkb1r/pp2p1pp/2p2p2/3p4/3PP3/2N5/PPP2PPP/R1BQKB1R b KQkq - 0 6,16,9,0,7,0.5625,0.0,0.4375,0.125,0.984375,0.9886994082884974,-0.3611478701627713,0.6111478701627713,0.9722957403255426,True,,0.02993653598241508,,0,16,0,0.0,1.0,0.0
rnbqkb1r/ppppp1pp/5p2/8/8/2N5/PPPPPP1P/R1BQKB1R w KQkq - 0 4,133,80,15,38,0.6015037593984962,0.11278195488721804,0.2857142857142857,0.3157894736842105,0.7874950534230312,1.3125842998923698,0.16497390092511727,0.46660504644330375,0.3016311455181865,False,,0.023078739517053266,,0,133,0,0.0,1.0,0.0
rnbqkb1r/pp1pp1pp/2p2p2/8/4P3/2N5/PPPP1P1P/R1BQKB1R w KQkq - 0 5,73,44,13,16,0.6027397260273972,0.1780821917808219,0.2191780821917808,0.3835616438356164,0.6747982735972977,1.363513496470767,0.19512140657774873,0.5720018810934842,0.3768804745157354,False,,0.01639529433713792,,0,73,0,0.0,1.0,0.0
rnbqkb1r/pp1pp2p/2p2pp1/8/3PP3/2N5/PPP2P1P/R1BQKB1R w KQkq - 0 6,48,23,13,12,0.4791666666666667,0.2708333333333333,0.25,0.22916666666666669,0.6766493055555556,1.5189793479336693,-0.003540250369143211,0.46187358370247655,0.46541383407161974,True,1.7434440301014826,0.01585576997604221,0.02424094773391542,13,48,13,0.2708333333333333,1.0,0.2708333333333333
rnbqkbnr/pppp1ppp/8/4p1N1/8/8/PPPPPPPP/RNBQKB1R b KQkq - 1 2,89,44,5,40,0.4943820224719101,0.056179775280898875,0.449438202247191,0.0449438202247191,0.9418002777427092,1.254365391753225,-0.15667566185367718,0.24656330230311538,0.40323896415679256,True,0.19288024405638377,0.013719050140444482,0.0027276796688216866,30,89,30,0.33707865168539325,1.0,0.33707865168539325
rnbqkbnr/pppp2pp/8/4ppN1/3P4/8/PPP1PPPP/RNBQKB1R b KQkq - 0 3,68,36,5,27,0.5294117647058824,0.07352941176470588,0.39705882352941174,0.13235294117647062,0.9089532871972319,1.2917436782389613,-0.09424941274875201,0.3589552951016932,0.4532047078504452,True,1.6775403234266466,0.015553508529110867,0.02870708497087348,31,68,31,0.45588235294117646,1.0,0.45588235294117646
rnbqk1nr/pppp2pp/8/4ppN1/1b1P4/2P5/PP2PPPP/RNBQKB1R b KQkq - 0 4,51,30,3,18,0.5882352941176471,0.058823529411764705,0.35294117647058826,0.23529411764705882,0.8858131487889274,1.2210477851797181,-0.02301162663187012,0.49359986192598776,0.5166114885578579,True,1.6487220690168183,0.014143439521100008,0.023053371855061032,29,51,29,0.5686274509803921,1.0,0.5686274509803921
rnbqk1nr/pppp2pp/8/5pN1/1b1Pp3/2P1P3/PP3PPP/RNBQKB1R b KQkq - 0 5,17,10,0,7,0.5882352941176471,0.0,0.4117647058823529,0.17647058823529416,0.9688581314878892,0.9774178175281716,-0.2914301437710591,0.6443713202416474,0.9358014640127066,True,1.5704514980316162,0.02054378138307263,0.033278327152874265,3,17,3,0.17647058823529413,1.0,0.17647058823529413
rnbqkbnr/pp1p3p/2p1p1p1/5p2/3N4/2NBP3/PPPP1PPP/R1BQK2R w KQkq - 0 6,54,33,3,18,0.6111111111111112,0.05555555555555555,0.3333333333333333,0.27777777777777785,0.8672839506172839,1.1941737342569119,0.029389059787384098,0.5261664957681715,0.49677743598078744,False,1.0987439345806203,0.006573308931870593,0.007957888431483009,47,54,47,0.8703703703703703,1.0,0.8703703703703703
rnbqkbnr/p2p3p/2p1p1p1/1p3p2/3N3P/2NBP3/PPPP1PP1/R1BQK2R w KQkq - 0 7,18,14,1,3,0.7777777777777778,0.05555555555555555,0.16666666666666666,0.6111111111111112,0.5709876543209875,0.9444885341662053,0.2620309260215592,0.9601912962006631,0.6981603701791039,False,1.0033062568732671,0.008700999664142728,0.010566955035977026,14,18,14,0.7777777777777778,1.0,0.7777777777777778
rnbqkbnr/pppp2pp/4p3/5p1Q/3N4/4P3/PPPP1PPP/RNB1KB1R b KQkq - 1 4,64,24,7,33,0.375,0.109375,0.515625,-0.140625,0.870849609375,1.3725688998353134,-0.36925314081466254,0.08800314081466257,0.4572562816293251,True,,0.022098994522821158,,0,64,0,0.0,1.0,0.0
rnbqkbnr/pppp3p/4p1p1/1N3p1Q/8/4P3/PPPP1PPP/RNB1KB1R b KQkq - 1 5,11,5,0,6,0.45454545454545453,0.0,0.5454545454545454,-0.09090909090909088,0.9917355371900827,0.9940302114769565,-0.6794134530721678,0.497595271253986,1.1770087243261538,True,0.3060089945793152,0.027427659624002197,0.008010819318714502,1,11,1,0.09090909090909091,1.0,0.09090909090909091
rnb1kbnr/pppp3p/4p1p1/1N3p2/8/4P3/PPPP1PPP/RNB1KB1R b KQkq - 0 6,11,5,0,6,0.45454545454545453,0.0,0.5454545454545454,-0.09090909090909088,0.9917355371900827,0.9940302114769565,-0.6794134530721678,0.497595271253986,1.1770087243261538,True,,0.014347718266600912,,0,11,0,0.0,1.0,0.0
rnbqkbnr/pp1p2pp/2p1pp2/1N6/8/4PN2/PPPP1PPP/R1BQKB1R b KQkq - 1 4,16,9,3,4,0.5625,0.1875,0.25,0.3125,0.71484375,1.4197367178034825,-0.10177970841386003,0.7267797084138601,0.8285594168277202,True,0.9335689544677734,0.020290249725803733,0.017320007431891327,1,16,1,0.0625,1.0,0.0625
rnbqkbnr/pp1p2pp/4p3/1N3p2/8/4P3/PPPP1PPP/R1BQKB1R b KQkq - 1 6,27,17,3,7,0.6296296296296297,0.1111111111111111,0.25925925925925924,0.3703703703703704,0.7517146776406035,1.2773600852070808,0.043336507639186006,0.6974042331015549,0.6540677254623688,False,0.5783755481243134,0.023314888796044722,0.015144500901820002,5,27,5,0.18518518518518517,1.0,0.18518518518518517
rnb1kbnr/pp1p2pp/4p3/1N3p2/7q/4P1P1/PPPP1P1P/R1BQKB1R b KQkq - 0 7,26,16,3,7,0.6153846153846154,0.11538461538461539,0.2692307692307692,0.3461538461538462,0.764792899408284,1.3001946428885267,0.010003671985068574,0.6823040203226238,0.6723003483375553,False,0.08613472325461251,0.022150063672317907,0.001780240207396507,21,26,21,0.8076923076923077,1.0,0.8076923076923077
rnb1kbnr/pp1p2pp/4p3/1N3p2/2q5/3PP1P1/PPP2P1P/R1BQKB1R b KQkq - 0 8,26,16,3,7,0.6153846153846154,0.11538461538461539,0.2692307692307692,0.3461538461538462,0.764792899408284,1.3001946428885267,0.010003671985068574,0.6823040203226238,0.6723003483375553,False,0.06957483943551779,0.01547729571421559,0.0011805390173043899,24,26,24,0.9230769230769231,1.0,0.9230769230769231
rnb1kbnr/ppNp2pp/4p3/5p2/8/3PP1P1/PP3P1P/R3KB1R b KQkq - 1 9,26,16,3,7,0.6153846153846154,0.11538461538461539,0.2692307692307692,0.3461538461538462,0.764792899408284,1.3001946428885267,0.010003671985068574,0.6823040203226238,0.6723003483375553,False,,0.06743689726751584,,0,26,0,0.0,1.0,0.0
rnbk1bnr/ppNp2pp/4p3/5p2/1P6/3PP1P1/P4P1P/R3KB1R b KQ - 0 10,24,15,3,6,0.625,0.125,0.25,0.375,0.734375,1.2987949406953985,0.032152164373704495,0.7178478356262955,0.685695671252591,False,,0.04877117540066441,,0,24,0,0.0,1.0,0.0
rnbqkb1r/ppp1p1pp/5p1n/3p4/3P4/5NP1/PPP1PP1P/RNBQKB1R w KQkq - 1 4,10,6,0,4,0.6,0.0,0.4,0.19999999999999996,0.96,0.9709505944546686,-0.4072726297031969,0.8072726297031968,1.2145452594063937,True,,0.02446171808987856,,0,10,0,0.0,1.0,0.0
rnbqkb1r/p1ppp1pp/5p1n/1p6/3N4/7P/PPPPPPP1/RNBQKB1R w KQkq - 0 4,17,4,2,11,0.23529411764705882,0.11764705882352941,0.6470588235294118,-0.411764705882353,0.7128027681660899,1.2607717938967942,-0.8131008918754176,-0.01042851988928839,0.8026723719861292,False,,0.01663808973834795,,0,17,0,0.0,1.0,0.0
rnbqkbnr/ppppp1pp/5p2/8/4P3/5N2/PPPP1PPP/RNBQKB1R b KQkq - 0 2,18,13,1,4,0.7222222222222222,0.05555555555555555,0.2222222222222222,0.5,0.6944444444444444,1.0529407605626346,0.1150267154584228,0.8849732845415772,0.7699465690831544,False,0.8617575287818908,0.023944615334686305,0.021913820004536344,5,18,5,0.2777777777777778,1.0,0.2777777777777778
rnbqkbnr/pppp2pp/8/4pp2/4P3/5N2/PPPP1PPP/RNBQKB1R w KQkq - 0 3,20,13,2,5,0.65,0.1,0.25,0.4,0.74,1.2361602543738117,0.022993400103283823,0.7770065998967162,0.7540131997934323,False,1.1015107333660126,0.012652266118675471,0.014200601721770609,16,20,16,0.8,1.0,0.8
r1bqkbnr/pppp2pp/2n5/4ppN1/4P3/8/PPPP1PPP/RNBQKB1R w KQkq - 2 4,12,8,0,4,0.6666666666666666,0.0,0.3333333333333333,0.3333333333333333,0.8888888888888888,0.9182958340544896,-0.20010129737281218,0.8667679640394788,1.066869261412291,True,1.5406039158503215,0.013034383611132702,0.020936340277145804,6,12,6,0.5,1.0,0.5
rnbqkb1r/pp1pp1p1/2p2p2/7p/4P3/2N5/PPPP1PP1/R1BQKB1R w KQkq - 0 6,30,20,3,7,0.6666666666666666,0.1,0.23333333333333334,0.4333333333333333,0.7122222222222222,1.2120594671313871,0.13134148256856365,0.735325184098103,0.6039837015295393,False,0.568810760974884,0.01215071085219582,0.011591140456543303,1,30,1,0.03333333333333333,1.0,0.03333333333333333
rnbqkb1r/ppp1p1pp/5p2/3p4/3P4/8/PPP1PPPP/RNBQKB1R w KQkq - 0 5,10,5,1,4,0.5,0.1,0.4,0.09999999999999998,0.89,1.360964047443681,-0.48471346405036475,0.6847134640503647,1.1694269281007295,True,,0.022525382693856955,,0,10,0,0.0,1.0,0.0
rnbqk1nr/pppp2p1/4pp1p/8/1b1P1B2/7N/PPP1PPPP/RN1QKB1R w KQkq - 2 5,16,6,2,8,0.375,0.125,0.5,-0.125,0.859375,1.4056390622295665,-0.579233810528373,0.329233810528373,0.9084676210567459,True,,0.03185409109573811,,0,16,0,0.0,1.0,0.0
rnbqk1nr/ppp3p1/3ppp1p/8/1b1P1B2/2P4N/PP2PPPP/RN1QKB1R w KQkq - 0 6,14,6,2,6,0.42857142857142855,0.14285714285714285,0.42857142857142855,0.0,0.8571428571428571,1.4488156357251847,-0.4849653146040736,0.4849653146040736,0.9699306292081472,True,,0.019230464340320656,,0,14,0,0.0,1.0,0.0
rnb1kbnr/pppp1ppp/4pq2/8/8/4PN2/PPPP1PPP/RNBQKB1R w KQkq - 2 3,10,6,1,3,0.6,0.1,0.3,0.3,0.8099999999999999,1.295461844238322,-0.2578155290741054,0.8578155290741054,1.1156310581482107,True,0.8399493470788002,0.015184328891336918,0.011854953216316716,4,10,4,0.4,1.0,0.4
rnbqkbnr/pp2p1pp/2p5/3p4/3P4/2N5/PPP1PPPP/R1BQKB1R w KQkq - 0 5,15,9,1,5,0.6,0.06666666666666667,0.3333333333333333,0.26666666666666666,0.8622222222222222,1.2309595631140104,-0.20324049870070998,0.7365738320340434,0.9398143307347533,True,,0.016571699641644955,,0,15,0,0.0,1.0,0.0
rnbqkb1r/pp1p2pp/2p1p2n/5pN1/3P2P1/2N5/PPP1PP1P/R1BQKB1R w KQkq - 0 6,51,32,6,13,0.6274509803921569,0.11764705882352941,0.2549019607843137,0.37254901960784315,0.7435601691657054,1.2878078647134341,0.1358910894780834,0.6092069497376029,0.47331586025951955,False,0.4740549772977829,0.022526977218541445,0.01220357059456155,2,51,2,0.0392156862745098,1.0,0.0392156862745098
rnbqkb1r/ppp1p1pp/5p1n/3p4/3P2P1/2N2N2/PPP1PP1P/R1BQKB1R b KQkq - 0 4,367,187,41,139,0.5095367847411444,0.11171662125340599,0.3787465940054496,0.1307901907356948,0.8711773047539146,1.3794136226064362,0.03529789477505178,0.22628248669633783,0.19098459192128603,False,1.9558908581733703,0.02221503957334591,0.04849575286901028,40,367,40,0.10899182561307902,1.0,0.10899182561307902
rnbqkb1r/p1p1p1pp/5p1n/1p1p4/3PP1P1/2N2N2/PPP2P1P/R1BQKB1R b KQkq - 0 5,62,31,7,24,0.5,0.11290322580645161,0.3870967741935484,0.11290322580645162,0.8743496357960457,1.3853145346819704,-0.1198495199519069,0.34565597156481015,0.46550549151671705,True,1.9795194012778146,0.03876420344796873,0.0890848793911253,14,62,14,0.22580645161290322,1.0,0.22580645161290322
rn1qkbnr/ppp1p1pp/5p2/3p4/3P2b1/5NP1/PPP1PP1P/RNBQKB1R w KQkq - 1 4,11,7,1,3,0.6363636363636364,0.09090909090909091,0.2727272727272727,0.36363636363636365,0.7768595041322314,1.2406705316766884,-0.15722601520270474,0.884498742475432,1.0417247576781368,True,0.5476341843605042,0.016274700364605946,0.007961526391902424,2,11,2,0.18181818181818182,1.0,0.18181818181818182
rnbq1k1r/ppNp3p/3bpppn/8/5PP1/4P3/PPPP3P/R1BQKB1R b KQ - 0 9,16,8,0,8,0.5,0.0,0.5,0.0,1.0,1.0,-0.4899909961350135,0.4899909961350135,0.979981992270027,True,,0.026442113798111677,,0,16,0,0.0,1.0,0.0
r1bq1k1r/ppNp3p/2nbpppn/8/1P3PP1/4P3/P1PP3P/R1BQKB1R b KQ - 0 10,14,7,1,6,0.5,0.07142857142857142,0.42857142857142855,0.07142857142857145,0.9234693877551021,1.2958363892911637,-0.4319506966354117,0.5748078394925547,1.0067585361279663,True,1.5264980792999268,0.03343955813241856,0.06472902399797897,3,14,3,0.21428571428571427,1.0,0.21428571428571427
rnbqkb1r/ppppp1pp/5p2/8/4P3/8/PPPP1PPP/RNBQKB1R b KQkq - 0 4,21,12,1,8,0.5714285714285714,0.047619047619047616,0.38095238095238093,0.19047619047619047,0.9160997732426304,1.2009102795095283,-0.2188879828555283,0.5998403638079093,0.8187283466634376,True,,0.017291699979631675,,0,21,0,0.0,1.0,0.0
rnbqkbnr/pp2pppp/2pp4/8/8/2N2N2/PPPPPPPP/R1BQKB1R w KQkq - 0 3,25,19,4,2,0.76,0.16,0.08,0.68,0.3775999999999999,1.0154312795575997,0.4391236955867929,0.9208763044132072,0.48175260882641435,False,0.7056350708007812,0.010680862218141556,0.009534917291688316,1,25,1,0.04,1.0,0.04
rnbqkbnr/pp2p1pp/2pp1p2/6N1/8/2N5/PPPPPPPP/R1BQKB1R w KQkq - 0 4,33,24,4,5,0.7272727272727273,0.12121212121212122,0.15151515151515152,0.5757575757575758,0.5472910927456381,1.1156444074874061,0.32335120573548415,0.8281639457796675,0.5048127400441833,False,0.3206557035446167,0.006932950254078164,0.0019678782156978825,1,33,1,0.030303030303030304,1.0,0.030303030303030304
rnbqkb2/pp4p1/2pp1p2/4p3/8/2N5/PPPPPPPP/R1BQKB1R w KQq - 0 5,15,10,1,4,0.6666666666666666,0.06666666666666667,0.26666666666666666,0.39999999999999997,0.7733333333333334,1.158938532350277,-0.04502645274710915,0.8450264527471091,0.8900529054942182,True,,0.007117436112215121,,0,15,0,0.0,1.0,0.0
rnbqkb2/pp6/2pp1pp1/4p3/8/2N1P3/PPPP1PPP/R1BQKB1R w KQq - 0 6,10,5,1,4,0.5,0.1,0.4,0.09999999999999998,0.89,1.360964047443681,-0.48471346405036475,0.6847134640503647,1.1694269281007295,True,0.4168461561203003,0.008693907875567675,0.003156948179859842,1,10,1,0.1,1.0,0.1
rnbqkbnr/pppp1pp1/4p2p/8/3PP3/7N/PPP2PPP/RNBQKB1R b KQkq - 0 3,48,26,7,15,0.5416666666666666,0.14583333333333334,0.3125,0.22916666666666663,0.8016493055555556,1.4085817494670019,-0.024124289051328962,0.4824576223846622,0.5065819114359912,True,1.8636740490242287,0.018149805410454672,0.03441327481330332,27,48,27,0.5625,1.0,0.5625
rnbqkb1r/p1ppp1pp/5p2/1p6/3N1Pn1/4P2P/PPPP2P1/RNBQKB1R b KQkq - 0 5,18,11,1,6,0.6111111111111112,0.05555555555555555,0.3333333333333333,0.27777777777777785,0.8672839506172839,1.1941737342569119,-0.15244410180848178,0.7079996573640375,0.8604437591725193,True,,0.03524757011069192,,0,18,0,0.0,1.0,0.0
rnbqkbnr/pp2p1pp/2p2p2/3p4/3PP3/2N2N2/PPP2PPP/R1BQKB1R b KQkq - 0 4,15,6,3,6,0.4,0.2,0.4,0.0,0.8,1.5219280948873621,-0.4526342936304687,0.4526342936304687,0.9052685872609374,True,1.5645130574703217,0.034796676908930145,0.0577008118192488,4,15,4,0.26666666666666666,1.0,0.26666666666666666
rnbqk2r/pppp2pp/4pp2/1N6/1b3Pn1/2P1P3/PP1P2PP/RNBQKB1R b KQkq - 0 6,10,4,1,5,0.4,0.1,0.5,-0.09999999999999998,0.89,1.360964047443681,-0.6847134640503647,0.48471346405036475,1.1694269281007295,True,1.1062414407730103,0.02003657529130578,0.02094596295985618,5,10,5,0.5,1.0,0.5
rnbqk1nr/pppp2pp/4pp2/8/1b1N4/2P1P3/PP1P1PPP/RNBQKB1R b KQkq - 0 4,23,13,3,7,0.5652173913043478,0.13043478260869565,0.30434782608695654,0.26086956521739124,0.8015122873345936,1.370862465083061,-0.10501093594897015,0.6267500663837526,0.7317610023327228,True,1.6088337421417236,0.021995342458071915,0.03706570081773486,10,23,10,0.43478260869565216,1.0,0.43478260869565216
rnbqk1nr/pppp2pp/4p3/1N3p2/1b6/2P1P3/PP1P1PPP/RNBQKB1R b KQkq - 1 5,10,4,1,5,0.4,0.1,0.5,-0.09999999999999998,0.89,1.360964047443681,-0.6847134640503647,0.48471346405036475,1.1694269281007295,True,0.6699216365814209,0.020280166529119015,0.01547541007108446,4,10,4,0.4,1.0,0.4
rnbqkbnr/p1p2pp1/4p2p/1p1p4/3PP3/N6N/PPP2PPP/R1BQKB1R w KQkq - 0 5,12,4,1,7,0.3333333333333333,0.08333333333333333,0.5833333333333334,-0.25000000000000006,0.8541666666666667,1.2806721295208872,-0.7729122039126617,0.27291220391266163,1.0458244078253234,True,0.9646300077438354,0.0376248206011951,0.02702481388115552,2,12,2,0.16666666666666666,1.0,0.16666666666666666
rnbqk2r/pp1p2pp/2p1pp1n/3P4/1b2P3/2N2N2/PPP2PPP/R1BQKB1R w KQkq - 1 6,17,9,2,6,0.5294117647058824,0.11764705882352941,0.35294117647058826,0.1764705882352941,0.8512110726643598,1.3792804872910602,-0.26210278635950657,0.6150439628300948,0.8771467491896013,True,1.105998933315277,0.012393525609856142,0.011603224036390006,3,17,3,0.17647058823529413,1.0,0.17647058823529413
rnbqk2r/pp1pp2p/2p2pp1/8/3PP3/2N5/PPP2P1P/R2QKB1R w KQkq - 0 7,35,20,9,6,0.5714285714285714,0.2571428571428571,0.17142857142857143,0.39999999999999997,0.582857142857143,1.4013498193719665,0.1470730363674611,0.6529269636325388,0.5058539272650777,False,2.1522237232753207,0.025388858201248306,0.039645031853188205,7,35,7,0.2,1.0,0.2
rnbqk2r/pp1pp3/2p2ppp/8/3PP2P/2N5/PPP2P2/R2QKB1R w KQkq - 0 8,11,8,3,0,0.7272727272727273,0.2727272727272727,0.0,0.7272727272727273,0.19834710743801653,0.8453509366224364,0.4640855755023683,0.9904598790430863,0.526374303540718,False,,0.020835676907815716,,0,11,0,0.0,1.0,0.0
rnbqk3/pp4p1/2pp4/4pn2/1b1P2PP/2N5/PPP2P2/R1BQKB1R w KQq - 0 10,11,6,2,3,0.5454545454545454,0.18181818181818182,0.2727272727272727,0.2727272727272727,0.743801652892562,1.4353713907745331,-0.23693245514390948,0.7823870005984549,1.0193194557423644,True,,0.01482629090208899,,0,11,0,0.0,1.0,0.0
rnbqkbnr/ppppppp1/7p/8/4P3/7N/PPPP1PPP/RNBQKB1R b KQkq - 0 2,39,20,8,11,0.5128205128205128,0.20512820512820512,0.28205128205128205,0.23076923076923073,0.7416173570019724,1.4779070982787224,-0.039505678547242795,0.5010441400857042,0.5405498186329469,True,0.6902503262866627,0.018359577522063866,0.012244149414111812,11,39,11,0.28205128205128205,1.0,0.28205128205128205
rnbqk1nr/pppp1ppp/8/4p3/1b1P4/5N2/PPP1PPPP/RNBQKB1R w KQkq - 1 3,17,10,2,5,0.5882352941176471,0.11764705882352941,0.29411764705882354,0.29411764705882354,0.7958477508650519,1.3328204045850196,-0.12995340431944108,0.7181886984370882,0.8481421027565292,True,,0.0194479962810874,,0,17,0,0.0,1.0,0.0
rnbqk1nr/pppp1pp1/7p/4p3/1b1P4/2P2N2/PP2PPPP/RNBQKB1R w KQkq - 0 4,10,7,0,3,0.7,0.0,0.3,0.39999999999999997,0.8400000000000001,0.8812908992306927,-0.16805153017865077,0.9680515301786508,1.1361030603573015,True,1.7002585331598918,0.02009295541793108,0.02881812384731819,3,10,3,0.3,1.0,0.3
rnbqk2r/pp1p2pp/2p1p2n/8/1b1PP3/2N5/PPP2P1P/R1BQKBR1 w Qkq - 0 8,13,11,2,0,0.8461538461538461,0.15384615384615385,0.0,0.8461538461538461,0.1301775147928994,0.6193821946787638,0.6500236769652681,1.0422840153424242,0.3922603383771561,False,0.4934886395931244,0.027021470551307384,0.006485459774346336,2,13,2,0.15384615384615385,1.0,0.15384615384615385
rnbqk2r/pp1p3p/2p1p1pn/7Q/1b1PP3/2N5/PPP2P1P/R1B1KBR1 w Qkq - 0 9,12,10,2,0,0.8333333333333334,0.16666666666666666,0.0,0.8333333333333334,0.13888888888888884,0.6500224216483541,0.6224747813530567,1.04419188531361,0.4217171039605534,False,0.03774198026142337,0.03216089277217785,0.001060437724920161,11,12,11,0.9166666666666666,1.0,0.9166666666666666
rnbq1rk1/pp1p3p/2p1p1pn/6Q1/1b1PP3/2N5/PPP2P1P/R1B1KBR1 w Q - 2 10,12,10,2,0,0.8333333333333334,0.16666666666666666,0.0,0.8333333333333334,0.13888888888888884,0.6500224216483541,0.6224747813530567,1.04419188531361,0.4217171039605534,False,0.358808296918869,0.017578350108427305,0.0042658002097956645,10,12,10,0.8333333333333334,1.0,0.8333333333333334
rnbqk1nr/ppNp3p/3bppp1/8/8/4P3/PPPP1PPP/R1BQKB1R b KQkq - 3 7,26,13,4,9,0.5,0.15384615384615385,0.34615384615384615,0.15384615384615385,0.8224852071005917,1.4452458201097456,-0.19475230667976207,0.5024446143720698,0.6971969210518318,True,,0.02309831654509673,,0,26,0,0.0,1.0,0.0
rnbq1knr/ppNp3p/3bppp1/8/5P2/4P3/PPPP2PP/R1BQKB1R b KQ - 0 8,21,11,2,8,0.5238095238095238,0.09523809523809523,0.38095238095238093,0.1428571428571429,0.8843537414965986,1.3421389558735095,-0.25935154976789343,0.5450658354821792,0.8044173852500727,True,,0.02939505520321074,,0,21,0,0.0,1.0,0.0
r3kbnr/p3p2p/4b1p1/1p1p4/8/2N1P3/PPPP1PPP/R1B1KB1R b KQkq - 1 7,12,6,4,2,0.5,0.3333333333333333,0.16666666666666666,0.33333333333333337,0.5555555555555555,1.4591479170272448,-0.08838377062721997,0.7550504372938867,0.8434342079211066,True,,0.03647681791335344,,0,12,0,0.0,1.0,0.0
rnbqk2r/pp1p2pp/2pbp2n/5pN1/3PP1P1/2N5/PPP2P1P/R1BQKB1R w KQkq - 2 7,47,27,5,15,0.574468085106383,0.10638297872340426,0.3191489361702128,0.25531914893617025,0.8284291534631055,1.3291641289759726,-0.004892568418650212,0.5155308662909908,0.520423434709641,True,1.0417871933716993,0.017213461246896298,0.018037917803266152,26,47,26,0.5531914893617021,1.0,0.5531914893617021
r1bqk2r/pp1p2pp/n1pbp2n/4PpN1/3P2P1/2N5/PPP2P1P/R1BQKB1R w KQkq - 1 8,43,28,3,12,0.6511627906976745,0.06976744186046512,0.27906976744186046,0.372093023255814,0.7917793401838833,1.1848606772967432,0.10613325490498465,0.6380527916066434,0.5319195367016587,False,1.032473591066176,0.017282585375184237,0.016873289216489035,31,43,31,0.7209302325581395,1.0,0.7209302325581395
r1bqk2r/pp1p2pp/n1p1p2n/4PpN1/N2P2P1/b7/PPP2P1P/R1BQKB1R w KQkq - 3 9,24,17,1,6,0.7083333333333334,0.041666666666666664,0.25,0.45833333333333337,0.7482638888888888,1.0434356963218767,0.11225862342115805,0.8044080432455087,0.6921494198243507,False,0.8395673394203186,0.014681852364446968,0.013476891796354213,5,24,5,0.20833333333333334,1.0,0.20833333333333334
r1bqk2r/1p1p2pp/2p1p2n/4PpN1/3P2P1/b7/PPP2P1P/R1BQKB1R w KQkq - 0 10,22,16,1,5,0.7272727272727273,0.045454545454545456,0.22727272727272727,0.5,0.7045454545454546,1.0226297788901695,0.14925518529436477,0.8507448147056352,0.7014896294112705,False,,0.013931277589025822,,0,22,0,0.0,1.0,0.0
r1b1k2r/1p1p2pp/2p1p2n/q3PpN1/3P2P1/8/P1P2P1P/R1BQKB1R w KQkq - 1 11,10,6,0,4,0.6,0.0,0.4,0.19999999999999996,0.96,0.9709505944546686,-0.4072726297031969,0.8072726297031968,1.2145452594063937,True,,0.021858515962958337,,0,10,0,0.0,1.0,0.0
rnbqk1nr/ppNp2pp/2pbpp2/8/8/4P3/PPPP1PPP/RNBQKB1R b KQkq - 3 5,37,14,7,16,0.3783783783783784,0.1891891891891892,0.43243243243243246,-0.05405405405405406,0.8078889700511322,1.507981653109769,-0.34367039907138963,0.23556229096328152,0.5792326900346711,True,,0.020894779773378693,,0,37,0,0.0,1.0,0.0
rnbq1knr/ppNp2pp/2pbpp2/8/5P2/4P3/PPPP2PP/RNBQKB1R b KQ - 0 6,33,14,4,15,0.42424242424242425,0.12121212121212122,0.45454545454545453,-0.030303030303030276,0.8778696051423324,1.410869033208931,-0.3499761558781213,0.28937009527206076,0.6393462511501821,True,1.093031883239746,0.022836653148811874,0.027270438500995198,1,33,1,0.030303030303030304,1.0,0.030303030303030304
rnbqkb1r/pp1pp1p1/2p2p2/7p/3PP3/2N5/PPP2PP1/R1BQKB1R b KQkq - 0 6,32,19,3,10,0.59375,0.09375,0.3125,0.28125,0.8271484375,1.2911002747979619,-0.03386191768053509,0.596361917680535,0.6302238353610701,True,,0.03470254997955635,,0,32,0,0.0,1.0,0.0
rnbqNk1r/pp1p3p/2p1pppn/8/1b1P4/2P2N2/PP2PPPP/R1BQKB1R w KQ - 1 8,12,8,1,3,0.6666666666666666,0.08333333333333333,0.25,0.41666666666666663,0.7430555555555556,1.188721875540867,-0.07105057707833562,0.9043839104116689,0.9754344874900045,True,,0.014214506683250269,,0,12,0,0.0,1.0,0.0
rnbqkbnr/pppp1ppp/4p3/8/4P3/8/PPPP1PPP/RNBQKBNR w KQkq - 0 2,11,5,0,6,0.45454545454545453,0.0,0.5454545454545454,-0.09090909090909088,0.9917355371900827,0.9940302114769565,-0.6794134530721678,0.497595271253986,1.1770087243261538,True,1.2891094142740422,0.008639452597973022,0.011218945030442488,11,11,11,1.0,1.0,1.0
rn1qkbnr/p1p1p2p/4b1p1/1p1pQ3/8/2N1P3/PPPP1PPP/R1B1KB1R w KQkq - 0 7,15,10,4,1,0.6666666666666666,0.26666666666666666,0.06666666666666667,0.6,0.3733333333333333,1.158938532350277,0.29079191187891246,0.9092080881210876,0.6184161762421752,False,1.3380301548884466,0.017175753538807233,0.022190695421890946,13,15,13,0.8666666666666667,1.0,0.8666666666666667
rnbqkbnr/ppp2ppp/8/3pp1N1/4P3/8/PPPP1PPP/RNBQKB1R b KQkq - 1 3,135,67,16,52,0.4962962962962963,0.11851851851851852,0.3851851851851852,0.1111111111111111,0.8691358024691358,1.3964389962804047,-0.04615133513191824,0.2683735573541405,0.31452489248605875,True,0.2317579053018404,0.02131525507127797,0.004807957020614925,115,135,115,0.8518518518518519,1.0,0.8518518518518519
rnbqkbnr/ppp2Npp/8/3ppp2/4P3/8/PPPP1PPP/RNBQKB1R b KQkq - 1 4,26,15,1,10,0.5769230769230769,0.038461538461538464,0.38461538461538464,0.19230769230769224,0.9245562130177514,1.1687997226410385,-0.17728900159426053,0.561904386209645,0.7391933878039055,True,0.19708985876705912,0.01743664348927828,0.0033600070345404845,18,26,18,0.6923076923076923,1.0,0.6923076923076923
rnb1kbnr/ppp2Npp/8/3ppp2/4P2q/6P1/PPPP1P1P/RNBQKB1R b KQkq - 0 5,25,14,1,10,0.56,0.04,0.4,0.16000000000000003,0.9344000000000001,1.1829661954675212,-0.2189173589085932,0.5389173589085933,0.7578347178171865,True,0.8913151857753595,0.015166229084134102,0.013474092354282138,24,25,24,0.96,1.0,0.96
rnbqkb1r/pp1p2pp/2p2p1n/4p3/3P2P1/2N2N2/PPP1PP1P/R1BQKB1R w KQkq - 0 5,32,18,3,11,0.5625,0.09375,0.34375,0.21875,0.8583984375,1.31664733333952,-0.10225926044880457,0.5397592604488046,0.6420185208976092,True,1.030314096382686,0.017338513251161203,0.01664154377355581,7,32,7,0.21875,1.0,0.21875
rnbqkb1r/pp1p2pp/2p4n/4ppN1/3P2P1/2N5/PPP1PP1P/R1BQKB1R w KQkq - 0 6,12,6,0,6,0.5,0.0,0.5,0.0,1.0,1.0,-0.5657928670380858,0.5657928670380858,1.1315857340761717,True,1.1119484901428223,0.017595643798510235,0.01345639617668093,1,12,1,0.08333333333333333,1.0,0.08333333333333333
rnbqkb1r/ppp1p1pp/5p1n/3p4/6P1/2N2N2/PPPPPP1P/R1BQKB1R w KQkq - 0 4,263,163,18,82,0.6197718631178707,0.06844106463878327,0.311787072243346,0.3079847908745247,0.836704303951192,1.2167874168804769,0.19743543454320028,0.4185341472058491,0.2210987126626488,False,0.6559141427278519,0.017388556878518015,0.010540929642419088,8,263,8,0.030418250950570342,1.0,0.030418250950570342
rn1qkb1r/ppp1p1pp/5p1n/3p4/3P4/2N5/PPP1PP1P/R1BQKB1R w KQkq - 0 5,52,29,5,18,0.5576923076923077,0.09615384615384616,0.34615384615384615,0.21153846153846156,0.8590976331360947,1.3244831920045916,-0.04038445786379469,0.4634613809407178,0.5038458388045125,True,,0.018167167633342054,,0,52,0,0.0,1.0,0.0
rn1qkb1r/p1p1p1pp/5p1n/1p1p4/3P4/2N2P2/PPP1P2P/R1BQKB1R w KQkq - 0 6,12,6,1,5,0.5,0.08333333333333333,0.4166666666666667,0.08333333333333331,0.9097222222222223,1.3250112108241772,-0.45631627945081826,0.622982946117485,1.0792992255683032,True,,0.031097610170642536,,0,12,0,0.0,1.0,0.0
rnbqk1nr/pppp1pp1/4p2p/8/1b6/2N1P2N/PPPP1PPP/R1BQKB1R w KQkq - 2 4,12,7,1,4,0.5833333333333334,0.08333333333333333,0.3333333333333333,0.25000000000000006,0.8541666666666667,1.280672129520887,-0.27291220391266163,0.7729122039126617,1.0458244078253234,True,0.9090096354484558,0.016626874062543113,0.015076281104202394,4,12,4,0.3333333333333333,1.0,0.3333333333333333
rnbqk1nr/pppp1p2/4p1pp/7Q/1b6/2N1P2N/PPPP1PPP/R1B1KB1R w KQkq - 0 5,11,8,1,2,0.7272727272727273,0.09090909090909091,0.18181818181818182,0.5454545454545454,0.6115702479338845,1.0957952550009336,0.0833130949125443,1.0075959959965466,0.9242829010840024,False,0.48023487762971356,0.023031118241223423,0.010652846228138052,11,11,11,1.0,1.0,1.0
rnbqk1nr/pp1p1p2/2p1p1pp/1B5Q/1b6/2N1P2N/PPPP1PPP/R1B1K2R w KQkq - 0 6,15,9,2,4,0.6,0.13333333333333333,0.26666666666666666,0.3333333333333333,0.7555555555555555,1.3382689280764646,-0.10654813201942431,0.7732147986860909,0.8797629307055153,True,0.04015363100916147,0.027350672334432603,0.001056933423181076,14,15,14,0.9333333333333333,1.0,0.9333333333333333
rnb1k1nr/pp1p1p2/2p1p1pp/1B2Q3/1b5q/2N1P2N/PPPP1PPP/R1B1K2R w KQkq - 2 7,15,9,2,4,0.6,0.13333333333333333,0.26666666666666666,0.3333333333333333,0.7555555555555555,1.3382689280764646,-0.10654813201942431,0.7732147986860909,0.8797629307055153,True,0.026279020806153616,0.028319327409068742,0.0007593766746019892,15,15,15,1.0,1.0,1.0
rnb1k1nr/pp1p1p2/2p1p1pp/1B2Q3/1b3q2/2N1P1PN/PPPP1P1P/R1B1K2R w KQkq - 1 8,15,9,2,4,0.6,0.13333333333333333,0.26666666666666666,0.3333333333333333,0.7555555555555555,1.3382689280764646,-0.10654813201942431,0.7732147986860909,0.8797629307055153,True,0.10547777463992437,0.038023792455593744,0.004220401423252593,15,15,15,1.0,1.0,1.0
rnb1k1nr/pp1p1p2/2p1p1pp/1B6/1b6/2N1PPPN/PPPP3P/R1B1K2R w KQkq - 0 9,15,9,2,4,0.6,0.13333333333333333,0.26666666666666666,0.3333333333333333,0.7555555555555555,1.3382689280764646,-0.10654813201942431,0.7732147986860909,0.8797629307055153,True,,0.03307811332245668,,0,15,0,0.0,1.0,0.0
r1b1k1nr/pp1p1p2/n1p1p1pp/1B6/1b6/2N1PPPN/PPPP3P/R1B2RK1 w kq - 2 10,10,6,2,2,0.6,0.2,0.2,0.39999999999999997,0.6400000000000001,1.3709505944546687,-0.09583602584364936,0.8958360258436493,0.9916720516872987,True,,0.02244048211723566,,0,10,0,0.0,1.0,0.0
r1bqk1nr/pp1p2pp/2n1pp2/1B6/1b1PP3/5N2/PPP2PPP/R1BQK2R w KQkq - 1 7,36,21,2,13,0.5833333333333334,0.05555555555555555,0.3611111111111111,0.22222222222222227,0.8950617283950617,1.2159143843815299,-0.08682392551882567,0.5312683699632702,0.6180922954820959,True,,0.02105689408361084,,0,36,0,0.0,1.0,0.0
rnbqkbnr/pp1p2pp/2p1pp2/8/4P3/2N2N2/PPPP1PPP/R1BQKB1R w KQkq - 0 4,50,26,5,19,0.52,0.1,0.38,0.14,0.8804000000000001,1.353222271744058,-0.1200776939969711,0.40007769399697113,0.5201553879939422,True,1.552783211072286,0.005330265518277883,0.00966998376240008,6,50,6,0.12,1.0,0.12
r1bqk2r/pp1p2pp/2n1pp1n/1B6/1b1PP3/2P2N2/PP3PPP/R1BQK2R w KQkq - 1 8,18,10,2,6,0.5555555555555556,0.1111111111111111,0.3333333333333333,0.22222222222222227,0.8395061728395061,1.3516441151533924,-0.20105391516601379,0.6454983596104583,0.8465522747764721,True,1.3530282020568847,0.01683320353428523,0.020520208733746936,10,18,10,0.5555555555555556,1.0,0.5555555555555556
rnbqkbnr/pppp3p/4ppp1/1N6/8/4P3/PPPP1PPP/RNBQKB1R b KQkq - 1 4,26,17,3,6,0.6538461538461539,0.11538461538461539,0.23076923076923078,0.4230769230769231,0.7056213017751479,1.2484577639970085,0.10019237751840421,0.7459614686354419,0.6457690911170377,False,,0.022722010429088887,,0,26,0,0.0,1.0,0.0
rnbqk1nr/pppp3p/4ppp1/1N6/1b6/2P1P3/PP1P1PPP/RNBQKB1R b KQkq - 0 5,20,11,3,6,0.55,0.15,0.3,0.25000000000000006,0.7875000000000001,1.4060075793123286,-0.13891829613021706,0.6389182961302171,0.7778365922604342,True,0.31912849098443985,0.034988739714026454,0.01021833971372732,2,20,2,0.1,1.0,0.1
rnbqk1nr/ppNp3p/2p1ppp1/8/1b6/2P1P3/PP1P1PPP/RNBQKB1R b KQkq - 1 6,23,15,2,6,0.6521739130434783,0.08695652173913043,0.2608695652173913,0.391304347826087,0.7599243856332704,1.214295263080721,0.03504246111354814,0.7475662345386258,0.7125237734250777,False,,0.039982814584737236,,0,23,0,0.0,1.0,0.0
rnbqkbnr/pppp2pp/4pp2/8/3P4/5N2/PPP1PPPP/RNBQKB1R w KQkq - 0 3,15,9,0,6,0.6,0.0,0.4,0.19999999999999996,0.96,0.9709505944546686,-0.29583602584364926,0.6958360258436491,0.9916720516872983,True,2.046802337353046,0.010597532925506433,0.021250955184813423,13,15,13,0.8666666666666667,1.0,0.8666666666666667
rnbqkbnr/pppp1pp1/4p2p/8/4P3/7N/PPPP1PPP/RNBQKB1R w KQkq - 0 3,14,6,1,7,0.42857142857142855,0.07142857142857142,0.5,-0.07142857142857145,0.9234693877551021,1.2958363892911637,-0.5748078394925547,0.4319506966354117,1.0067585361279663,True,0.4294121116399765,0.01858236487688763,0.008676713124797689,8,14,8,0.5714285714285714,1.0,0.5714285714285714
rnbqk1nr/pp1p2pp/4pp2/8/1b1N4/2P1P3/PP1P1PPP/R1BQKB1R b KQkq - 0 6,22,15,2,5,0.6818181818181818,0.09090909090909091,0.22727272727272727,0.4545454545454545,0.7024793388429753,1.1770225546116342,0.10431530602271488,0.8047756030681941,0.7004602970454792,False,1.3926745057106018,0.022266495210880585,0.03257932664189089,2,22,2,0.09090909090909091,1.0,0.09090909090909091
rnbqk1nr/pp1p2pp/4pp2/7Q/8/4P3/PP1P1PPP/R1B1KB1R b KQkq - 1 7,10,7,1,2,0.7,0.1,0.2,0.49999999999999994,0.6499999999999999,1.1567796494470395,0.0003052698445598634,0.99969473015544,0.9993894603108802,False,,0.05152261909097433,,0,10,0,0.0,1.0,0.0
r4b1r/pp3k1p/4pppn/8/8/4P3/PPPP1PPP/RNB1KB1R b KQ - 0 9,17,5,3,9,0.29411764705882354,0.17647058823529413,0.5294117647058824,-0.23529411764705882,0.7681660899653979,1.4466479595102752,-0.6519247483907241,0.18133651309660648,0.8332612614873306,True,,0.026679704294485206,,0,17,0,0.0,1.0,0.0
rnbqkbnr/ppp3pp/8/3pppN1/3PP3/8/PPP2PPP/RNBQKB1R b KQkq - 0 4,81,32,15,34,0.3950617283950617,0.18518518518518517,0.41975308641975306,-0.024691358024691357,0.8142051516537113,1.5055648728026578,-0.22119585995768817,0.17181314390830546,0.39300900386599363,True,1.412881734279486,0.010384601851304373,0.014880835862002081,52,81,52,0.6419753086419753,1.0,0.6419753086419753
rnbqkbnr/ppp3pp/8/1B1p1pN1/4P3/8/PPP2PPP/RNBQK2R b KQkq - 1 5,12,2,1,9,0.16666666666666666,0.08333333333333333,0.75,-0.5833333333333334,0.5763888888888888,1.040852082972755,-1.0128848612253418,-0.1537818054413248,0.859103055784017,False,,0.014889786873633662,,0,12,0,0.0,1.0,0.0
rn1qkb1r/pp2p1pp/2p2p2/3p4/3PP1b1/2N2P2/PPP3PP/R1BQKB1R b KQkq - 0 7,11,5,0,6,0.45454545454545453,0.0,0.5454545454545454,-0.09090909090909088,0.9917355371900827,0.9940302114769565,-0.6794134530721678,0.497595271253986,1.1770087243261538,True,,0.028281247581947933,,0,11,0,0.0,1.0,0.0
rnbqkbnr/ppp2pp1/7p/3pp3/3PP3/5N2/PPP2PPP/RNBQKB1R w KQkq - 0 4,10,6,1,3,0.6,0.1,0.3,0.3,0.8099999999999999,1.295461844238322,-0.2578155290741054,0.8578155290741054,1.1156310581482107,True,2.0366034706433616,0.010704783629626036,0.021995261889134254,6,10,6,0.6,1.0,0.6
rnbqkbnr/ppp2ppp/8/3pp3/4P3/5N2/PPPP1PPP/RNBQKB1R w KQkq - 0 3,130,70,15,45,0.5384615384615384,0.11538461538461539,0.34615384615384615,0.1923076923076923,0.8476331360946745,1.3701635095276021,0.03404433371819751,0.3505710508971871,0.3165267171789896,False,0.8606200639647666,0.007784294086293532,0.006629507703745637,99,130,99,0.7615384615384615,1.0,0.7615384615384615
rnbqkbnr/pppp3p/4p1p1/5pQ1/3N4/4P3/PPPP1PPP/RNB1KB1R b KQkq - 1 5,31,12,5,14,0.3870967741935484,0.16129032258064516,0.45161290322580644,-0.06451612903225806,0.8345473465140478,1.472513749357935,-0.38609887138504295,0.2570666133205268,0.6431654847055698,True,0.19764798879623413,0.039212654555036176,0.005730338061589624,1,31,1,0.03225806451612903,1.0,0.03225806451612903
rnb1kbnr/pppp3p/4p1p1/1N3p2/8/4P3/PPPP1PPP/RNB1KB1R b KQkq - 1 6,51,19,7,25,0.37254901960784315,0.13725490196078433,0.49019607843137253,-0.11764705882352938,0.8489042675893888,1.4281407938499373,-0.3705141783359575,0.13522006068889875,0.5057342390248563,True,1.0404726266860962,0.014572667852774555,0.017986482743585386,2,51,2,0.0392156862745098,1.0,0.0392156862745098
r3kb1r/1p1p3p/p3pnp1/5p2/8/4PP2/PPPP2PP/RNB1KB1R b KQkq - 0 8,19,11,4,4,0.5789473684210527,0.21052631578947367,0.21052631578947367,0.368421052631579,0.6537396121883656,1.402993418443045,0.004863064809310758,0.7319790404538472,0.7271159756445364,False,1.835613210995992,0.016737387074451698,0.030799658657933476,3,19,3,0.15789473684210525,1.0,0.15789473684210525
r3k2r/1p1p3p/p2bpnp1/5p2/8/4PPP1/PPPP3P/RNB1KB1R b KQkq - 0 9,10,5,3,2,0.5,0.3,0.2,0.3,0.61,1.4854752972273344,-0.18407539501852566,0.7840753950185256,0.9681507900370513,True,1.5499245127042134,0.018909400887787343,0.02853007015549121,6,10,6,0.6,1.0,0.6
r1bqkbnr/ppp1ppp1/n6p/3p4/1P1PP3/7N/P1P2PPP/RNBQKB1R b KQkq - 0 4,10,3,1,6,0.3,0.1,0.6,-0.3,0.8099999999999999,1.295461844238322,-0.8578155290741054,0.2578155290741054,1.1156310581482107,True,,0.0232691353186965,,0,10,0,0.0,1.0,0.0
r1bqkbnr/ppp2pp1/n3p2p/3p4/1P1PP3/6PN/P1P2P1P/RNBQKB1R b KQkq - 0 5,17,8,1,8,0.47058823529411764,0.058823529411764705,0.47058823529411764,0.0,0.9411764705882353,1.2639334294856335,-0.46116799636236566,0.46116799636236566,0.9223359927247313,True,1.5806003212928772,0.04500982800827307,0.09574285205117472,6,17,6,0.35294117647058826,1.0,0.35294117647058826
r1bqkbnr/ppp3p1/n3p2p/3p1p2/1P1PPP2/6PN/P1P4P/RNBQKB1R b KQkq - 0 6,13,7,1,5,0.5384615384615384,0.07692307692307693,0.38461538461538464,0.1538461538461538,0.8994082840236687,1.2957378005380122,-0.3616849305011575,0.6693772381934651,1.0310621686946226,True,2.0189216434955597,0.03994024630922537,0.0738126632520193,4,13,4,0.3076923076923077,1.0,0.3076923076923077
rnbqkbnr/pp1pp1pp/5p2/8/4P3/5N2/PPPP1PPP/R1BQKB1R b KQkq - 0 4,34,17,3,14,0.5,0.08823529411764706,0.4117647058823529,0.08823529411764708,0.9039792387543253,1.3361474085378189,-0.23135079022736227,0.4078213784626564,0.6391721686900187,True,,0.025676096625187817,,0,34,0,0.0,1.0,0.0
rnbqk2r/pp1p4/2p1p1pp/5p2/3PP3/2N5/PPP2P2/R1BQKB1R w KQkq - 0 10,14,8,3,3,0.5714285714285714,0.21428571428571427,0.21428571428571427,0.3571428571428571,0.6581632653061225,1.41379956460568,-0.06781992114039204,0.7821056354261062,0.8499255565664983,True,1.4201826651891072,0.018219211537923132,0.02417357025886539,6,14,6,0.42857142857142855,1.0,0.42857142857142855
rnbqk2r/pp6/2p1p1pp/3pPp2/3P4/2N5/PPP2P2/R1BQKB1R w KQkq d6 0 11,11,7,2,2,0.6363636363636364,0.18181818181818182,0.18181818181818182,0.45454545454545453,0.6115702479338843,1.3092966682370037,-0.0075959959965464785,0.9166869050874555,0.924282901084002,True,1.4969283044338226,0.014813539826057175,0.02135148383240293,8,11,8,0.7272727272727273,1.0,0.7272727272727273
rnbqkbnr/pppp3p/4p1p1/5p2/3N3Q/4P3/PPPP1PPP/RNB1KB1R b KQkq - 1 5,22,7,2,13,0.3181818181818182,0.09090909090909091,0.5909090909090909,-0.27272727272727276,0.834710743801653,1.288649764535596,-0.6544998698143234,0.10904532435977793,0.7635451941741014,True,0.3600364401936531,0.024468444457108326,0.00952584981704096,6,22,6,0.2727272727272727,1.0,0.2727272727272727
rnb1kb1r/pppp3p/4pnp1/1N3p2/8/4PP2/PPPP2PP/RNB1KB1R b KQkq - 0 7,37,13,6,18,0.35135135135135137,0.16216216216216217,0.4864864864864865,-0.13513513513513514,0.8195763330898467,1.4615035989769833,-0.426838832170891,0.15656856190062074,0.5834073940715118,True,1.783483475446701,0.018951461021159147,0.03640481104573878,4,37,4,0.10810810810810811,1.0,0.10810810810810811
2b1k2r/1ppp3p/4p1p1/8/1b3p2/2N1P3/PPPP2PP/R1B1KB1R b KQk - 0 10,17,4,1,12,0.23529411764705882,0.058823529411764705,0.7058823529411765,-0.4705882352941177,0.7197231833910034,1.0863128407412879,-0.8738679492932976,-0.0673085212949378,0.8065594279983598,False,,0.015414954491836183,,0,17,0,0.0,1.0,0.0
rnbqk2r/pp1p2pp/2pbp2n/5pN1/3PP1P1/2N5/PPP2P1P/R1BQKB1R w KQkq - 1 7,29,19,3,7,0.6551724137931034,0.10344827586206896,0.2413793103448276,0.4137931034482758,0.7253269916765755,1.2332570395415439,0.10382570972015481,0.7237604971763968,0.619934787456242,False,1.1192415764457302,0.01671939217967206,0.017170897253367966,19,29,19,0.6551724137931034,1.0,0.6551724137931034
rnbqkbnr/pppp1ppp/8/4p3/8/5NP1/PPPPPP1P/RNBQKB1R b KQkq - 0 2,14,9,0,5,0.6428571428571429,0.0,0.35714285714285715,0.28571428571428575,0.9183673469387755,0.9402859586706311,-0.2162725059115655,0.787701077340137,1.0039735832517025,True,1.7604488645281111,0.017727683963520185,0.031359003271760715,14,14,14,1.0,1.0,1.0
rnbqk2r/pp1p2pp/2p1p2n/3P4/1b2P3/2N5/PPP2PPP/R1BQKB1R w KQkq - 0 7,10,6,1,3,0.6,0.1,0.3,0.3,0.8099999999999999,1.295461844238322,-0.2578155290741054,0.8578155290741054,1.1156310581482107,True,,0.013291081506758928,,0,10,0,0.0,1.0,0.0
rnbqk2r/pp1p3p/2p1p1pn/3P3Q/1b2P3/2N5/PPP2PPP/R1B1KB1R w KQkq - 0 8,10,6,1,3,0.6,0.1,0.3,0.3,0.8099999999999999,1.295461844238322,-0.2578155290741054,0.8578155290741054,1.1156310581482107,True,0.05329350382089615,0.017264644708484413,0.0005334872934553946,2,10,2,0.2,1.0,0.2
rnbq1rk1/pp1p3p/2p1p1pn/3P2Q1/1b2P3/2N5/PPP2PPP/R1B1KB1R w KQ - 2 9,10,6,1,3,0.6,0.1,0.3,0.3,0.8099999999999999,1.295461844238322,-0.2578155290741054,0.8578155290741054,1.1156310581482107,True,0.17426271736621857,0.010831896495074034,0.0015659843979116597,4,10,4,0.4,1.0,0.4
r3kb1r/p3p2p/4bnp1/1p1p4/8/2N1P3/PPPP1PPP/R1B1KB1R w KQkq - 2 8,26,11,2,13,0.4230769230769231,0.07692307692307693,0.5,-0.07692307692307693,0.9171597633136095,1.3096910973393818,-0.44503841538930783,0.291192261543154,0.7362306769324618,True,,0.015420698668234624,,0,26,0,0.0,1.0,0.0
rnbqkbnr/ppp1pppp/8/3p4/3P4/5N2/PPP1PPPP/RNBQKB1R b KQkq - 1 2,11,5,1,5,0.45454545454545453,0.09090909090909091,0.45454545454545453,0.0,0.9090909090909091,1.3485878960124222,-0.5634500293677832,0.5634500293677832,1.1269000587355664,True,0.7206491529941559,0.02144803428514437,0.015715894126132154,8,11,8,0.7272727272727273,1.0,0.7272727272727273
rnbqkbnr/pppp2pp/4pp2/8/3PP3/5N2/PPP2PPP/RNBQKB1R b KQkq - 0 3,17,12,1,4,0.7058823529411765,0.058823529411764705,0.23529411764705882,0.4705882352941177,0.7197231833910034,1.0863128407412879,0.0673085212949378,0.8738679492932976,0.8065594279983598,False,1.9837829271952312,0.023449840407599423,0.044775501754159265,3,17,3,0.17647058823529413,1.0,0.17647058823529413
rnbqkbnr/pppp2pp/4p3/5p2/3N4/4P3/PPPP1PPP/RNBQKB1R w KQkq - 0 4,33,17,3,13,0.5151515151515151,0.09090909090909091,0.3939393939393939,0.12121212121212122,0.8943985307621671,1.3368949636235008,-0.2014564452679573,0.44388068769219974,0.645337132960157,True,1.278582262992859,0.00712014590813355,0.00883325635863929,25,33,25,0.7575757575757576,1.0,0.7575757575757576
rnb1kbnr/pppp2pp/4p3/1N3p2/7q/4P3/PPPP1PPP/RNBQKB1R w KQkq - 2 5,17,10,2,5,0.5882352941176471,0.11764705882352941,0.29411764705882354,0.29411764705882354,0.7958477508650519,1.3328204045850196,-0.12995340431944108,0.7181886984370882,0.8481421027565292,True,,0.008027177879258114,,0,17,0,0.0,1.0,0.0
rnb1kbnr/pppp2pp/4p3/1N3p2/2q5/4P1P1/PPPP1P1P/RNBQKB1R w KQkq - 1 6,17,10,2,5,0.5882352941176471,0.11764705882352941,0.29411764705882354,0.29411764705882354,0.7958477508650519,1.3328204045850196,-0.12995340431944108,0.7181886984370882,0.8481421027565292,True,,0.008761370088905096,,0,17,0,0.0,1.0,0.0
rnb1kb1r/pppp2pp/4pn2/5p2/8/4P1P1/PPPP1P1P/RNBQK2R w KQkq - 1 7,10,7,2,1,0.7,0.2,0.1,0.6,0.43999999999999995,1.1567796494470395,0.188874486183913,1.0111255138160868,0.8222510276321738,False,,0.020837646443396807,,0,10,0,0.0,1.0,0.0
rnbqkbnr/ppppp1pp/5p2/8/8/2P2N2/PP1PPPPP/RNBQKB1R b KQkq - 0 2,28,16,6,6,0.5714285714285714,0.21428571428571427,0.21428571428571427,0.3571428571428571,0.6581632653061225,1.41379956460568,0.056648794866896335,0.6576369194188179,0.6009881245519215,False,1.7615338563919067,0.023949376373950924,0.04370329875690593,8,28,8,0.2857142857142857,1.0,0.2857142857142857
r1bq1knr/ppNp2pp/n1pbpp2/8/1P3P2/4P3/P1PP2PP/RNBQKB1R b KQ - 0 7,14,5,3,6,0.35714285714285715,0.21428571428571427,0.42857142857142855,-0.0714285714285714,0.7806122448979592,1.5306189948485172,-0.534237525665407,0.39138038280826426,0.9256179084736713,True,,0.026224958710372448,,0,14,0,0.0,1.0,0.0
r1bq1bnr/pp1p1k1p/1Qn1ppp1/8/8/4P3/PPPP1PPP/RNB1KB1R w KQ - 4 8,11,8,2,1,0.7272727272727273,0.18181818181818182,0.09090909090909091,0.6363636363636364,0.41322314049586784,1.0957952550009336,0.25648570405896715,1.0162415686683055,0.7597558646093383,False,0.0998009666800499,0.02053712731735273,0.0019408550327558172,2,11,2,0.18181818181818182,1.0,0.18181818181818182
r1bqk2r/pp1p2pp/2pbp2n/1N2PpN1/1n1P2P1/8/PPP2P1P/R1BQKB1R w KQkq - 3 9,14,8,1,5,0.5714285714285714,0.07142857142857142,0.35714285714285715,0.21428571428571425,0.8826530612244898,1.2638091738835462,-0.2778434345340913,0.7064148631055198,0.9842582976396111,True,0.043620264157652855,0.014917378313839436,0.0006512000004048439,2,14,2,0.14285714285714285,1.0,0.14285714285714285
r1bq1k1r/ppNp2pp/2pbp2n/4PpN1/1n1P2P1/8/PPP2P1P/R1BQKB1R w KQ - 5 10,14,8,1,5,0.5714285714285714,0.07142857142857142,0.35714285714285715,0.21428571428571425,0.8826530612244898,1.2638091738835462,-0.2778434345340913,0.7064148631055198,0.9842582976396111,True,0.7575346454977989,0.019707820112151758,0.014952257221083176,8,14,8,0.5714285714285714,1.0,0.5714285714285714
rnbqk1nr/pppp1ppp/8/4p3/1b1P4/2P2N2/PP2PPPP/RNBQKB1R b KQkq - 0 3,36,18,7,11,0.5,0.19444444444444445,0.3055555555555556,0.19444444444444442,0.7677469135802469,1.4820393824041145,-0.09177944583656977,0.4806683347254586,0.5724477805620284,True,1.6122825958512046,0.013251818949356675,0.021529194006434535,22,36,22,0.6111111111111112,1.0,0.6111111111111112
rnbqkbnr/ppp1p1pp/3p1p2/6N1/8/2N5/PPPPPPPP/R1BQKB1R b KQkq - 1 3,24,16,5,3,0.6666666666666666,0.20833333333333334,0.125,0.5416666666666666,0.4982638888888889,1.2364405016961446,0.2592617998674219,0.8240715334659113,0.5648097335984894,False,,0.025791887038697798,,0,24,0,0.0,1.0,0.0
rnbqkb1r/pp1pp1p1/2p2p2/7p/3P4/2N5/PPP1PPP1/R1BQKB1R w KQkq - 0 6,18,10,0,8,0.5555555555555556,0.0,0.4444444444444444,0.11111111111111116,0.9876543209876543,0.9910760598382222,-0.34799632022560106,0.5702185424478234,0.9182148626734246,True,,0.014222783140010305,,0,18,0,0.0,1.0,0.0
rnbqkbnr/pppp2pp/4p3/1N3p2/8/4P3/PPPP1PPP/RNBQKB1R b KQkq - 1 4,34,19,3,12,0.5588235294117647,0.08823529411764706,0.35294117647058826,0.20588235294117646,0.8693771626297578,1.3084904804784139,-0.10752757266341245,0.5192922785457654,0.6268198512091778,True,0.3092204618912477,0.016720600782290977,0.005108401962990986,13,34,13,0.38235294117647056,1.0,0.38235294117647056
rnb1kbnr/pppp2pp/4p3/1N3p2/7q/4P1P1/PPPP1P1P/RNBQKB1R b KQkq - 0 5,34,19,3,12,0.5588235294117647,0.08823529411764706,0.35294117647058826,0.20588235294117646,0.8693771626297578,1.3084904804784139,-0.10752757266341245,0.5192922785457654,0.6268198512091778,True,0.40882240687355853,0.014537117307019584,0.005466026928982668,33,34,33,0.9705882352941176,1.0,0.9705882352941176
rnb1kbnr/pppp2pp/4p3/5p2/8/4P1P1/PPPP1P1P/RNBQK2R b KQkq - 0 6,29,16,3,10,0.5517241379310345,0.10344827586206896,0.3448275862068966,0.2068965517241379,0.8537455410225921,1.3416303588849137,-0.12939295507892212,0.5431860585271979,0.67257901360612,True,1.6201523542404175,0.029212979920979203,0.05493529045536372,1,29,1,0.034482758620689655,1.0,0.034482758620689655
rnbqkbnr/pp1p3p/2p1ppp1/8/3N4/2N1P3/PPPP1PPP/R1BQKB1R w KQkq - 0 5,19,9,5,5,0.47368421052631576,0.2631578947368421,0.2631578947368421,0.21052631578947367,0.6925207756232686,1.5243166733459836,-0.1636598215407356,0.584712453119683,0.7483722746604187,True,0.9953327625989914,0.007776540164884768,0.006912951078773086,12,19,12,0.631578947368421,1.0,0.631578947368421
r1bq1k1r/ppNp3p/2nbpppn/8/5PP1/4P3/PPPP3P/R1BQKB1R w KQ - 1 10,21,16,3,2,0.7619047619047619,0.14285714285714285,0.09523809523809523,0.6666666666666666,0.4126984126984127,1.0230370655328809,0.3919058219353516,0.9414275113979816,0.54952168946263,False,0.7965206503868103,0.006374099247512363,0.004795407954288761,1,21,1,0.047619047619047616,1.0,0.047619047619047616
rnbqkbnr/pp1p2pp/2p1p3/8/8/2N1P3/PPPP1PPP/R1BQKB1R w KQkq - 0 5,32,23,3,6,0.71875,0.09375,0.1875,0.53125,0.6240234375,1.1154191407561969,0.2575507844877746,0.8049492155122254,0.5473984310244508,False,1.5045417547225952,0.006534756801556796,0.008631752434947404,1,32,1,0.03125,1.0,0.03125
rnb1kbnr/pp1p2pp/2p1p3/8/7q/2NBP3/PPPP1PPP/R1BQK2R w KQkq - 2 6,11,8,0,3,0.7272727272727273,0.0,0.2727272727272727,0.4545454545454546,0.7933884297520661,0.8453509366224364,-0.07182884899526343,0.9809197580861726,1.052748607081436,True,,0.006436581384729256,,0,11,0,0.0,1.0,0.0
r1bqkbnr/pppp1pp1/n3p2p/8/3PP3/7N/PPP2PPP/RNBQKB1R w KQkq - 1 4,12,3,1,8,0.25,0.08333333333333333,0.6666666666666666,-0.41666666666666663,0.7430555555555556,1.188721875540867,-0.9043839104116689,0.07105057707833562,0.9754344874900045,True,1.1353746453921,0.025587252185990412,0.028691615606081872,12,12,12,1.0,1.0,1.0
r1bqkbnr/ppp2pp1/n3p2p/3p4/1P1PP3/7N/P1P2PPP/RNBQKB1R w KQkq - 0 5,12,5,2,5,0.4166666666666667,0.16666666666666666,0.4166666666666667,0.0,0.8333333333333334,1.4833557549816874,-0.5164958602538013,0.5164958602538013,1.0329917205076027,True,1.216700507534875,0.030561211053282022,0.034680050056071145,9,12,9,0.75,1.0,0.75
rnbqkb1r/pp1p3p/2p1ppp1/8/3PPB2/2N5/PPP2PPP/R2QKB1R b KQkq - 1 7,14,7,1,6,0.5,0.07142857142857142,0.42857142857142855,0.07142857142857145,0.9234693877551021,1.2958363892911637,-0.4319506966354117,0.5748078394925547,1.0067585361279663,True,,0.02599714550056628,,0,14,0,0.0,1.0,0.0
rnbqkbnr/pppp3p/4p1p1/5p1Q/3N4/4P3/PPPP1PPP/RNB1KB1R w KQkq - 0 5,12,5,1,6,0.4166666666666667,0.08333333333333333,0.5,-0.08333333333333331,0.9097222222222223,1.3250112108241772,-0.622982946117485,0.45631627945081826,1.0792992255683032,True,0.8788256198167801,0.012153430609032512,0.010745387242214141,12,12,12,1.0,1.0,1.0
rnb1kbnr/pppp3p/4p1p1/5p2/3N4/4P3/PPPP1PPP/RNB1KB1R w KQkq - 0 6,11,5,1,5,0.45454545454545453,0.09090909090909091,0.45454545454545453,0.0,0.9090909090909091,1.3485878960124222,-0.5634500293677832,0.5634500293677832,1.1269000587355664,True,,0.00524836118248376,,0,11,0,0.0,1.0,0.0
r1bq1knr/ppNp3p/2nbppp1/8/5P2/4P3/PPPP2PP/R1BQKB1R w KQ - 1 9,17,11,2,4,0.6470588235294118,0.11764705882352941,0.23529411764705882,0.411764705882353,0.7128027681660899,1.2607717938967942,0.01042851988928839,0.8131008918754176,0.8026723719861292,False,,0.007262915263281149,,0,17,0,0.0,1.0,0.0
rnbqkb1r/pppp1ppp/7n/4p1N1/4P3/8/PPPP1PPP/RNBQKB1R b KQkq - 2 3,20,13,2,5,0.65,0.1,0.25,0.4,0.74,1.2361602543738117,0.022993400103283823,0.7770065998967162,0.7540131997934323,False,0.11839393153786659,0.01974145737476647,0.0022325373343968606,4,20,4,0.2,1.0,0.2
rnbqkb1r/pppp1Npp/7n/4pp2/4P3/8/PPPP1PPP/RNBQKB1R b KQkq - 1 4,18,11,2,5,0.6111111111111112,0.1111111111111111,0.2777777777777778,0.33333333333333337,0.7777777777777778,1.2997367636952522,-0.07408409558695445,0.7407507622536211,0.8148348578405755,True,0.6242409646511078,0.012992649287399318,0.007334128210359225,2,18,2,0.1111111111111111,1.0,0.1111111111111111
rnb1kb1r/pppp1Npp/7n/4pp2/4P2q/6P1/PPPP1P1P/RNBQKB1R b KQkq - 0 5,18,11,2,5,0.6111111111111112,0.1111111111111111,0.2777777777777778,0.33333333333333337,0.7777777777777778,1.2997367636952522,-0.07408409558695445,0.7407507622536211,0.8148348578405755,True,2.364548373222351,0.01282547279778454,0.03145380226225018,10,18,10,0.5555555555555556,1.0,0.5555555555555556
rnbqkb1r/pp1p2p1/2p1pp2/7p/3PP3/2N5/PPP2PP1/R1BQKB1R w KQkq - 0 7,15,11,0,4,0.7333333333333333,0.0,0.26666666666666666,0.4666666666666666,0.7822222222222223,0.8366407419411672,0.019089898182680476,0.9142434351506528,0.8951535369679723,False,1.6355557888746262,0.013833458287020524,0.02413176773968928,8,15,8,0.5333333333333333,1.0,0.5333333333333333
rnbqkb1r/pppp2pp/4pp1n/1N6/6P1/5N2/PPPPPP1P/R1BQKB1R b KQkq - 1 4,13,10,0,3,0.7692307692307693,0.0,0.23076923076923078,0.5384615384615385,0.710059171597633,0.7793498372920851,0.08040014956695185,0.9965229273561252,0.9161227777891734,False,0.9795387387275696,0.02146697287949232,0.031003407557398166,1,13,1,0.07692307692307693,1.0,0.07692307692307693
rnbqk2r/pppp2pp/4pp1n/1N6/1b4P1/2P2N2/PP1PPP1P/R1BQKB1R b KQkq - 0 5,17,10,1,6,0.5882352941176471,0.058823529411764705,0.35294117647058826,0.23529411764705882,0.8858131487889274,1.2210477851797181,-0.21210455533093991,0.6826927906250575,0.8947973459559975,True,0.5548430358370146,0.03427333790151512,0.01763744086178286,6,17,6,0.35294117647058826,1.0,0.35294117647058826
rnbqk2r/ppNp2pp/2p1pp1n/8/1b4P1/2P2N2/PP1PPP1P/R1BQKB1R b KQkq - 1 6,17,10,1,6,0.5882352941176471,0.058823529411764705,0.35294117647058826,0.23529411764705882,0.8858131487889274,1.2210477851797181,-0.21210455533093991,0.6826927906250575,0.8947973459559975,True,,0.037907723008709794,,0,17,0,0.0,1.0,0.0
r1bqkbnr/pppp1pp1/n3p2p/8/1P1PP3/7N/P1P2PPP/RNBQKB1R b KQkq - 0 4,19,11,2,6,0.5789473684210527,0.10526315789473684,0.3157894736842105,0.26315789473684215,0.8254847645429363,1.3235315761100483,-0.14537386207180775,0.671689651545492,0.8170635136172997,True,1.317104697227478,0.022887320796910086,0.042008231481282333,3,19,3,0.15789473684210525,1.0,0.15789473684210525
rn1qkbnr/ppp1p1pp/5p2/3p2N1/6b1/4PP2/PPPP2PP/RNBQKB1R b KQkq - 0 4,11,6,3,2,0.5454545454545454,0.2727272727272727,0.18181818181818182,0.3636363636363636,0.5950413223140496,1.4353713907745331,-0.09221715512923945,0.8194898824019666,0.9117070375312061,True,0.666692852973938,0.028800252655690365,0.019501073613612085,2,11,2,0.18181818181818182,1.0,0.18181818181818182
rnbqkb1r/pp2p1pp/2p2p1n/3p4/3P2P1/2N2N2/PPP1PP1P/R1BQKB1R w KQkq - 0 5,43,26,4,13,0.6046511627906976,0.09302325581395349,0.3023255813953488,0.3023255813953488,0.8155759870200108,1.279354312667154,0.032398736470166056,0.5722524263205315,0.5398536898503654,False,1.3198382258415222,0.022317757353533144,0.023376083214117882,2,43,2,0.046511627906976744,1.0,0.046511627906976744
rnbqkbnr/ppp2ppp/8/3pp1N1/3P4/8/PPP1PPPP/RNBQKB1R b KQkq - 1 3,14,5,1,8,0.35714285714285715,0.07142857142857142,0.5714285714285714,-0.21428571428571425,0.8826530612244898,1.2638091738835462,-0.7064148631055198,0.2778434345340913,0.9842582976396111,True,1.1194010756232522,0.019646764333759035,0.022854550829158358,11,14,11,0.7857142857142857,1.0,0.7857142857142857
rnbqkbnr/pp1p3p/4ppp1/8/8/2N1P3/PPPP1PPP/R1BQKB1R w KQkq - 0 6,11,5,3,3,0.45454545454545453,0.2727272727272727,0.2727272727272727,0.18181818181818182,0.6942148760330579,1.5394847569315018,-0.31055989344459733,0.674196257080961,0.9847561505255583,True,,0.0065972020595588465,,0,11,0,0.0,1.0,0.0
rnbqkbnr/pp1p3p/2p1ppp1/1N6/8/2N1P3/PPPP1PPP/R1BQKB1R b KQkq - 1 5,10,3,1,6,0.3,0.1,0.6,-0.3,0.8099999999999999,1.295461844238322,-0.8578155290741054,0.2578155290741054,1.1156310581482107,True,0.867811918258667,0.021886889729648827,0.028193418336320164,3,10,3,0.3,1.0,0.3
rnb1kb1r/pppp2pp/4pn2/5p2/8/4PPP1/PPPP3P/RNBQK2R b KQkq - 0 7,15,7,2,6,0.4666666666666667,0.13333333333333333,0.4,0.06666666666666665,0.8622222222222222,1.4294732983598406,-0.40324049870071,0.5365738320340433,0.9398143307347533,True,,0.03326224572956562,,0,15,0,0.0,1.0,0.0
rnbqkb1r/ppppp1pp/5p2/3N4/8/8/PPPPPP1P/R1BQKB1R b KQkq - 1 4,11,7,0,4,0.6363636363636364,0.0,0.36363636363636365,0.2727272727272727,0.9256198347107438,0.9456603046006401,-0.295821955864798,0.8412765013193434,1.1370984571841414,True,,0.030127355659549885,,0,11,0,0.0,1.0,0.0
rnbqkb1r/pp1p3p/2p1ppp1/8/3PP3/2N4B/PPP2P1P/R1BQK2R w KQkq - 0 7,11,5,3,3,0.45454545454545453,0.2727272727272727,0.2727272727272727,0.18181818181818182,0.6942148760330579,1.5394847569315018,-0.31055989344459733,0.674196257080961,0.9847561505255583,True,1.7209757566452026,0.016722105104814877,0.024150080680311103,4,11,4,0.36363636363636365,1.0,0.36363636363636365
rnbqkb1r/pp1pp1pp/2p2p2/8/3PP3/2N5/PPP2P1P/R1BQKB1R b KQkq - 0 5,42,24,5,13,0.5714285714285714,0.11904761904761904,0.30952380952380953,0.26190476190476186,0.812358276643991,1.3505446411697424,-0.010677286353754312,0.534486810163278,0.5451640965170323,True,,0.03344255583804278,,0,42,0,0.0,1.0,0.0
rnbqkb1r/ppppp1pp/7n/8/8/2N5/PPPPPPPP/R1BQKB1R w KQkq - 0 4,17,8,3,6,0.47058823529411764,0.17647058823529413,0.35294117647058826,0.11764705882352938,0.8096885813148789,1.4836591643979626,-0.310095671902158,0.5453897895492168,0.8554854614513747,True,,0.01162429345662103,,0,17,0,0.0,1.0,0.0
rnb1k2r/pppp3p/4pnp1/1N3p2/1b6/2P1PP2/PP1P2PP/RNB1KB1R b KQkq - 0 8,10,4,0,6,0.4,0.0,0.6,-0.19999999999999996,0.96,0.9709505944546686,-0.8072726297031968,0.4072726297031969,1.2145452594063937,True,0.5589262843132019,0.02129587554372847,0.011435179052919686,1,10,1,0.1,1.0,0.1
r1bq1k2/ppNp2p1/2p1p3/4P3/1b1P3P/8/PP3P2/R2K1B1R w - - 0 13,10,6,1,3,0.6,0.1,0.3,0.3,0.8099999999999999,1.295461844238322,-0.2578155290741054,0.8578155290741054,1.1156310581482107,True,,0.0167651129886508,,0,10,0,0.0,1.0,0.0
rnbqkbnr/ppp1p1pp/5p2/3p4/8/2P2N2/PP1PPPPP/RNBQKB1R w KQkq - 0 3,12,8,2,2,0.6666666666666666,0.16666666666666666,0.16666666666666666,0.5,0.5833333333333333,1.2516291673878228,0.06786855985531448,0.9321314401446855,0.864262880289371,False,,0.011163829127326608,,0,12,0,0.0,1.0,0.0
rnbqkbnr/pp1p3p/2p1p1p1/8/8/2NBP3/PPPP1PPP/R1BQK2R w KQkq - 0 6,17,11,2,4,0.6470588235294118,0.11764705882352941,0.23529411764705882,0.411764705882353,0.7128027681660899,1.2607717938967942,0.01042851988928839,0.8131008918754176,0.8026723719861292,False,1.4887937307357788,0.007409747032558217,0.011910943853803535,1,17,1,0.058823529411764705,1.0,0.058823529411764705
rnbqk2r/pp1p2pp/2pbp2n/8/3P2P1/2N2N2/PPP2P1P/R1BQKB1R w KQkq - 1 7,13,7,0,6,0.5384615384615384,0.0,0.46153846153846156,0.07692307692307687,0.9940828402366864,0.9957274520849255,-0.4650624675284821,0.6189086213746359,1.083971088903118,True,1.0770590504010518,0.008887820769674502,0.012775188263717116,3,13,3,0.23076923076923078,1.0,0.23076923076923078
rnbqkbnr/ppp3pp/4pp2/3p4/3PP3/5N2/PPP2PPP/RNBQKB1R w KQkq - 0 4,10,6,1,3,0.6,0.1,0.3,0.3,0.8099999999999999,1.295461844238322,-0.2578155290741054,0.8578155290741054,1.1156310581482107,True,2.086789619922638,0.007967384438961745,0.016620491543310113,10,10,10,1.0,1.0,1.0
rnbqkb1r/ppp3pp/5p1n/1N1pp3/3P2P1/5N2/PPP1PP1P/R1BQKB1R b KQkq - 1 5,17,7,2,8,0.4117647058823529,0.11764705882352941,0.47058823529411764,-0.05882352941176472,0.8788927335640138,1.4020814027560318,-0.5044711245434715,0.3868240657199421,0.8912951902634136,True,1.7999628517362807,0.018090841908226993,0.03294443351937483,9,17,9,0.5294117647058824,1.0,0.5294117647058824
rnbq1k1r/ppNp2pp/2pbpp1n/8/5PP1/4P3/PPPP3P/RNBQKB1R b KQ - 0 7,13,6,1,6,0.46153846153846156,0.07692307692307693,0.46153846153846156,0.0,0.9230769230769231,1.3143204867061788,-0.5222703388043869,0.5222703388043869,1.0445406776087738,True,0.8465176820755005,0.023179128479499083,0.02246729039490636,1,13,1,0.07692307692307693,1.0,0.07692307692307693
r1bq1k1r/ppNp2pp/n1pbpp1n/8/1P3PP1/4P3/P1PP3P/RNBQKB1R b KQ - 0 8,12,5,0,7,0.4166666666666667,0.0,0.5833333333333334,-0.16666666666666669,0.9722222222222222,0.9798687566511528,-0.7245459570176649,0.39121262368433146,1.1157585807019963,True,2.15922212600708,0.02770144895960887,0.08191692028830033,1,12,1,0.08333333333333333,1.0,0.08333333333333333
rnbqkb1r/ppppp1pp/5p2/8/3P4/2N5/PPP1PP1P/R1BQKB1R b KQkq - 0 4,14,7,3,4,0.5,0.21428571428571427,0.2857142857142857,0.2142857142857143,0.7397959183673469,1.4926140680171258,-0.23626121969926828,0.6648326482706969,0.9010938679699652,True,,0.022915437817573547,,0,14,0,0.0,1.0,0.0
rnbqkb1r/ppp1p1pp/5p1n/3p4/3PP3/5N2/PPP2PPP/RNBQKB1R w KQkq - 1 4,19,9,5,5,0.47368421052631576,0.2631578947368421,0.2631578947368421,0.21052631578947367,0.6925207756232686,1.5243166733459836,-0.1636598215407356,0.584712453119683,0.7483722746604187,True,1.3067780102000517,0.007490757117538075,0.009661581036388589,17,19,17,0.8947368421052632,1.0,0.8947368421052632
rnbqkbnr/pppp2pp/4pp2/8/8/2N1PN2/PPPP1PPP/R1BQKB1R b KQkq - 1 3,12,9,0,3,0.75,0.0,0.25,0.5,0.75,0.8112781244591328,0.010009003864986488,0.9899909961350135,0.979981992270027,False,2.25379878282547,0.018979256118958194,0.034565632422251635,4,12,4,0.3333333333333333,1.0,0.3333333333333333
rn1qkb1r/ppp1p1pp/5p2/3p4/3P4/2N5/PPP1PP1P/R2QKB1R b KQkq - 0 5,16,9,2,5,0.5625,0.125,0.3125,0.25,0.8125,1.3663146570363986,-0.19167191527011712,0.6916719152701172,0.8833438305402344,True,,0.023926285561174154,,0,16,0,0.0,1.0,0.0
rnbqk2r/pp1p2pp/2pbp2n/4P3/3P4/2N5/PPP2P1P/R1BQKB1R w KQkq - 0 8,15,9,3,3,0.6,0.2,0.2,0.39999999999999997,0.6400000000000001,1.3709505944546687,-0.004848419802131243,0.8048484198021312,0.8096968396042624,True,0.31000948548316953,0.017827619146555663,0.0023385545528447627,5,15,5,0.3333333333333333,1.0,0.3333333333333333
rnbqk2r/pp1p3p/2pbp1pn/4P2Q/3P4/2N5/PPP2P1P/R1B1KB1R w KQkq - 0 9,15,9,3,3,0.6,0.2,0.2,0.39999999999999997,0.6400000000000001,1.3709505944546687,-0.004848419802131243,0.8048484198021312,0.8096968396042624,True,0.006855263956822455,0.026442617923021317,0.0001743658497713034,14,15,14,0.9333333333333333,1.0,0.9333333333333333
rnbq1rk1/pp1p3p/2pbp1pn/4P1Q1/3P4/2N5/PPP2P1P/R1B1KB1R w KQ - 2 10,13,9,1,3,0.6923076923076923,0.07692307692307693,0.23076923076923078,0.4615384615384615,0.7100591715976332,1.1401156785146092,0.003477072643874757,0.9195998504330483,0.9161227777891735,False,0.5464222683356359,0.01765871599603158,0.009352938567170014,13,13,13,1.0,1.0,1.0
r1bqkbnr/pppp1ppp/2n5/4p3/4P3/5N2/PPPP1PPP/RNBQKB1R w KQkq - 1 3,16,7,2,7,0.4375,0.125,0.4375,0.0,0.875,1.4185644431995963,-0.45834460753532374,0.45834460753532374,0.9166892150706475,True,1.1797008752822875,0.008957761572673917,0.010181294296055321,5,16,5,0.3125,1.0,0.3125
rnbqk1nr/pp1p2pp/4pp2/8/8/4P3/PP1P1PPP/R1BQKB1R w KQkq - 0 7,13,5,2,6,0.38461538461538464,0.15384615384615385,0.46153846153846156,-0.07692307692307693,0.8402366863905326,1.4604846813131116,-0.5752074126812643,0.4213612588351105,0.9965686715163748,True,,0.02637824287208227,,0,13,0,0.0,1.0,0.0
rnbqk1nr/pp1p3p/4ppp1/7Q/8/4P3/PP1P1PPP/R1B1KB1R w KQkq - 0 8,13,5,2,6,0.38461538461538464,0.15384615384615385,0.46153846153846156,-0.07692307692307693,0.8402366863905326,1.4604846813131116,-0.5752074126812643,0.4213612588351105,0.9965686715163748,True,0.17868386954069138,0.034300108082019366,0.0028960314633913187,2,13,2,0.15384615384615385,1.0,0.15384615384615385
r1bqk1nr/pp1p3p/2n1ppp1/1Q6/8/4P3/PP1P1PPP/R1B1KB1R w KQkq - 2 9,11,4,2,5,0.36363636363636365,0.18181818181818182,0.45454545454545453,-0.09090909090909088,0.8099173553719008,1.4949188482339508,-0.6227381961356278,0.44092001431744593,1.0636582104530736,True,0.16463756064573923,0.03467717580497265,0.002034368334878194,3,11,3,0.2727272727272727,1.0,0.2727272727272727
rnbqkb1r/pp2p1pp/2p2p1n/3p4/3PP1P1/2N2N2/PPP2P1P/R1BQKB1R b KQkq - 0 5,19,11,0,8,0.5789473684210527,0.0,0.42105263157894735,0.1578947368421053,0.9750692520775623,0.9819407868640977,-0.28611144964756957,0.6019009233317802,0.8880123729793499,True,1.8917104005813599,0.03305754849785253,0.0760370800043848,2,19,2,0.10526315789473684,1.0,0.10526315789473684
rnbq1k1r/ppNp2pp/2p1pp1n/8/1b1P2P1/2P2N2/PP2PP1P/R1BQKB1R b KQ - 0 7,17,11,2,4,0.6470588235294118,0.11764705882352941,0.23529411764705882,0.411764705882353,0.7128027681660899,1.2607717938967942,0.01042851988928839,0.8131008918754176,0.8026723719861292,False,,0.03358873878331745,,0,17,0,0.0,1.0,0.0
rnbqkbnr/p1p1p1pp/5p2/1p1p4/3P4/2N2N2/PPP1PPPP/R1BQKB1R w KQkq - 0 4,15,7,2,6,0.4666666666666667,0.13333333333333333,0.4,0.06666666666666665,0.8622222222222222,1.4294732983598406,-0.40324049870071,0.5365738320340433,0.9398143307347533,True,1.7327409982681274,0.01873206781844298,0.025011793997065324,4,15,4,0.26666666666666666,1.0,0.26666666666666666
r1bqkb1r/ppp1p1pp/n4p1n/1N1p4/3P2P1/5N2/PPP1PP1P/R1BQKB1R b KQkq - 2 5,11,4,3,4,0.36363636363636365,0.2727272727272727,0.36363636363636365,0.0,0.7272727272727273,1.5726236638951638,-0.5039650270362465,0.5039650270362465,1.007930054072493,True,,0.025874353860589592,,0,11,0,0.0,1.0,0.0
rnbqkb1r/pp2p1pp/2p4n/3p4/3P2P1/2N5/PPP1PP1P/R1BQKB1R w KQkq - 0 6,18,15,1,2,0.8333333333333334,0.05555555555555555,0.1111111111111111,0.7222222222222223,0.4228395061728394,0.8030717273241024,0.4218224376086731,1.0226220068357716,0.6007995692270985,False,,0.026597637890113726,,0,18,0,0.0,1.0,0.0
rnbqkb1r/pp2p1pp/7n/3p4/3P2P1/8/PPP1PP1P/R1BQKB1R w KQkq - 0 7,10,9,0,1,0.9,0.0,0.1,0.8,0.3599999999999999,0.4689955935892812,0.4281229806172631,1.171877019382737,0.743754038765474,False,,0.024796917848289014,,0,10,0,0.0,1.0,0.0
rn1qkbnr/ppp1p1pp/5p2/8/3P2b1/5N2/PPP2PPP/RNBQKB1R b KQkq - 0 4,17,7,1,9,0.4117647058823529,0.058823529411764705,0.5294117647058824,-0.11764705882352944,0.9273356401384083,1.253297578463043,-0.5754115548225942,0.3401174371755353,0.9155289919981295,True,1.531773036176508,0.01667321829453987,0.025706618039170858,11,17,11,0.6470588235294118,1.0,0.6470588235294118
rnbqk2r/pp4pp/2p4n/3pp1N1/1b1P2PP/2N5/PPP2P2/R1BQKB1R w KQkq - 0 9,19,12,2,5,0.631578947368421,0.10526315789473684,0.2631578947368421,0.3684210526315789,0.7590027700831024,1.2674438038072335,-0.023314484236895694,0.7601565895000535,0.7834710737369492,True,,0.016423432989732215,,0,19,0,0.0,1.0,0.0
rn1qkb1r/p1p1p1pp/5p2/1p1p4/3P4/2N5/PPP1PP1P/R2QKB1R w KQkq - 0 6,14,10,1,3,0.7142857142857143,0.07142857142857142,0.21428571428571427,0.5,0.6785714285714286,1.0949143184120975,0.06849894887094354,0.9315010511290565,0.8630021022581129,False,,0.0306610677923475,,0,14,0,0.0,1.0,0.0
rnbqkb1r/p1p1p1pp/5p1n/1p1p4/3P2P1/2N2N2/PPP1PP1P/R1BQKB1R w KQkq - 0 5,101,69,4,28,0.6831683168316832,0.039603960396039604,0.27722772277227725,0.40594059405940597,0.795608273698657,1.073121132897274,0.23198554066299598,0.5798956474558159,0.3479101067928199,False,1.2445476055145264,0.02573088348133139,0.03735646516471528,6,101,6,0.0594059405940594,1.0,0.0594059405940594
rnbqkb1r/p1p1p1pp/7n/1p1p4/3P2P1/2N5/PPP1PP1P/R1BQKB1R w KQkq - 0 6,55,44,2,9,0.8,0.03636363636363636,0.16363636363636364,0.6363636363636365,0.558677685950413,0.8587357820151706,0.4388271115652085,0.8339001611620644,0.39507304959685596,False,0.4303153455257416,0.02989451214671135,0.017223987073081815,3,55,3,0.05454545454545454,1.0,0.05454545454545454
r1bq1k1r/1pNp3p/2nbpppn/p7/1P3PP1/4P3/P1PP3P/R1BQKB1R w KQ - 0 11,17,12,3,2,0.7058823529411765,0.17647058823529413,0.11764705882352941,0.5882352941176471,0.4775086505190312,1.1595547523787308,0.25975127019830935,0.9167193180369848,0.6569680478386755,False,0.9348115921020508,0.008029576281414312,0.00897230335487098,1,17,1,0.058823529411764705,1.0,0.058823529411764705
rnbqkbnr/pppp2pp/4pp2/1N6/8/5N2/PPPPPPPP/R1BQKB1R b KQkq - 1 3,62,31,7,24,0.5,0.11290322580645161,0.3870967741935484,0.11290322580645162,0.8743496357960457,1.3853145346819704,-0.1198495199519069,0.34565597156481015,0.46550549151671705,True,1.0992832978566487,0.01778031756440478,0.02134348914923871,3,62,3,0.04838709677419355,1.0,0.04838709677419355
rnbqk1nr/pppp2pp/4pp2/1N6/1b6/2P2N2/PP1PPPPP/R1BQKB1R b KQkq - 0 4,33,19,4,10,0.5757575757575758,0.12121212121212122,0.30303030303030304,0.27272727272727276,0.8044077134986227,1.3495485525614308,-0.03327822863215152,0.578732774086697,0.6120110027188486,True,0.5856116265058517,0.032020781697197395,0.019050022474182953,6,33,6,0.18181818181818182,1.0,0.18181818181818182
rnbqk1nr/ppNp2pp/2p1pp2/8/1b6/2P2N2/PP1PPPPP/R1BQKB1R b KQkq - 1 5,32,18,4,10,0.5625,0.125,0.3125,0.25,0.8125,1.3663146570363986,-0.06230920634715009,0.5623092063471501,0.6246184126943002,True,,0.03511565155349672,,0,32,0,0.0,1.0,0.0
rnbqNknr/pp1p2pp/2p1pp2/8/1b6/2P2N2/PP1PPPPP/R1BQKB1R b KQ - 3 6,14,8,1,5,0.5714285714285714,0.07142857142857142,0.35714285714285715,0.21428571428571425,0.8826530612244898,1.2638091738835462,-0.2778434345340913,0.7064148631055198,0.9842582976396111,True,,0.031148684876305715,,0,14,0,0.0,1.0,0.0
rnbqNknr/pp1p3p/2p1ppp1/8/1b1P4/2P2N2/PP2PPPP/R1BQKB1R b KQ - 0 7,13,8,1,4,0.6153846153846154,0.07692307692307693,0.3076923076923077,0.3076923076923077,0.8284023668639053,1.2389012566026305,-0.18707053987075534,0.8024551552553707,0.989525695126126,True,,0.028860150621487543,,0,13,0,0.0,1.0,0.0
r1bq1k1r/1pNp3p/2nbpppn/8/5PP1/P3P3/2PP3P/R1BQKB1R w KQ - 0 12,14,10,2,2,0.7142857142857143,0.14285714285714285,0.14285714285714285,0.5714285714285714,0.5306122448979593,1.1488348542809166,0.18985990240446649,0.9529972404526763,0.7631373380482098,False,,0.009386664406130356,,0,14,0,0.0,1.0,0.0
rnbqkb1r/pp1pp2p/2p2ppB/8/3PP3/2N5/PPP2P1P/R2QKB1R b KQkq - 1 6,14,7,4,3,0.5,0.2857142857142857,0.21428571428571427,0.2857142857142857,0.6326530612244898,1.4926140680171256,-0.1309313913029369,0.7023599627315082,0.8332913540344451,True,,0.0605602426720517,,0,14,0,0.0,1.0,0.0
rnbqkbnr/ppp2Npp/8/3p1p2/4P3/8/PPP2PPP/RNBQKB1R b KQkq - 1 5,21,8,3,10,0.38095238095238093,0.14285714285714285,0.47619047619047616,-0.09523809523809523,0.8480725623582765,1.4411665441579464,-0.4891099516813921,0.29863376120520163,0.7877437128865937,True,0.11185630535085996,0.01638175786605903,0.0018865640475373147,12,21,12,0.5714285714285714,1.0,0.5714285714285714
rnb1kbnr/ppp2Npp/8/3p1p2/4P2q/6P1/PPP2P1P/RNBQKB1R b KQkq - 0 6,21,8,3,10,0.38095238095238093,0.14285714285714285,0.47619047619047616,-0.09523809523809523,0.8480725623582765,1.4411665441579464,-0.4891099516813921,0.29863376120520163,0.7877437128865937,True,1.1022391193791439,0.01598636198434092,0.01797580252264291,19,21,19,0.9047619047619048,1.0,0.9047619047619048
rnbqkb1r/pp1pp2p/2p2pp1/8/4P3/2N5/PPPP1PP1/R1BQKB1R w KQkq - 0 6,32,18,5,9,0.5625,0.15625,0.28125,0.28125,0.7646484375,1.4000745152068985,-0.021723053925817137,0.5842230539258171,0.6059461078516342,True,0.8175524870554606,0.013241571839898825,0.011053771825384473,3,32,3,0.09375,1.0,0.09375
rnbqk2r/pp1pp2p/2p2ppb/8/3PP3/2N5/PPP2PP1/R1BQKB1R w KQkq - 1 7,14,7,2,5,0.5,0.14285714285714285,0.35714285714285715,0.14285714285714285,0.8367346938775511,1.4315602842833155,-0.3362999943846659,0.6220142800989517,0.9583142744836175,True,0.9158862658909389,0.019196524284780025,0.01731827769302133,7,14,7,0.5,1.0,0.5
rnbqkbnr/pppp1ppp/4p3/6N1/8/8/PPPPPPPP/RNBQKB1R b KQkq - 1 2,10,5,0,5,0.5,0.0,0.5,0.0,1.0,1.0,-0.6197950323045616,0.6197950323045616,1.2395900646091231,True,0.4893007278442383,0.012264888919889926,0.004027176435888495,3,10,3,0.3,1.0,0.3
rnbqk2r/pp1p2pp/2p1pp1n/1N6/1b4P1/2P2N2/PP1PPP1P/R1BQKB1R w KQkq - 0 6,16,12,0,4,0.75,0.0,0.25,0.5,0.75,0.8112781244591328,0.07565534972143562,0.9243446502785644,0.8486893005571288,False,,0.013978244736790657,,0,16,0,0.0,1.0,0.0
rnbq1k1r/ppNp2pp/2p1pp1n/8/1b4P1/2P2N2/PP1PPP1P/R1BQKB1R w KQ - 2 7,15,11,0,4,0.7333333333333333,0.0,0.26666666666666666,0.4666666666666666,0.7822222222222223,0.8366407419411672,0.019089898182680476,0.9142434351506528,0.8951535369679723,False,,0.010244362521916628,,0,15,0,0.0,1.0,0.0
rnbqkbnr/pppp2pp/4pp2/1N6/8/8/PPPPPPPP/RNBQKB1R b KQkq - 1 3,15,9,2,4,0.6,0.13333333333333333,0.26666666666666666,0.3333333333333333,0.7555555555555555,1.3382689280764646,-0.10654813201942431,0.7732147986860909,0.8797629307055153,True,,0.01875840617964665,,0,15,0,0.0,1.0,0.0
rnbqk1nr/pppp2pp/4pp2/1N6/1b6/2P5/PP1PPPPP/RNBQKB1R b KQkq - 0 4,11,5,2,4,0.45454545454545453,0.18181818181818182,0.36363636363636365,0.09090909090909088,0.8099173553719008,1.4949188482339508,-0.44092001431744593,0.6227381961356278,1.0636582104530736,True,0.3648141920566559,0.025160982527516106,0.008516017576894408,1,11,1,0.09090909090909091,1.0,0.09090909090909091
rnbqkb1r/pp1pp3/2p2pp1/7p/3PP3/2N5/PPP2PP1/R1BQKB1R w KQkq - 0 7,13,9,4,0,0.6923076923076923,0.3076923076923077,0.0,0.6923076923076923,0.21301775147928997,0.8904916402194913,0.4414171368879808,0.9431982477274038,0.501781110839423,False,1.9313314259052277,0.01599878416611598,0.029317312508677168,4,13,4,0.3076923076923077,1.0,0.3076923076923077
rnbqkb1r/pppp2pp/4pp1n/8/6P1/2N2N2/PPPPPP1P/R1BQKB1R w KQkq - 0 4,34,22,2,10,0.6470588235294118,0.058823529411764705,0.29411764705882354,0.35294117647058826,0.8166089965397924,1.1660870601063933,0.04919157793219642,0.6566907750089801,0.6074991970767837,False,1.0676485300064087,0.012325808734578244,0.01168395024640001,2,34,2,0.058823529411764705,1.0,0.058823529411764705
rnbqk2r/pppp2pp/4pp1n/8/1b1P2P1/2N2N2/PPP1PP1P/R1BQKB1R w KQkq - 1 5,22,14,2,6,0.6363636363636364,0.09090909090909091,0.2727272727272727,0.36363636363636365,0.7768595041322314,1.2406705316766884,-0.004668956505698096,0.7319416837784254,0.7366106402841235,True,,0.01999610112133351,,0,22,0,0.0,1.0,0.0
rnbq1knr/ppNp3p/2p1ppp1/8/1b1P4/2P1P3/PP3PPP/RNBQKB1R b KQ - 0 7,16,9,2,5,0.5625,0.125,0.3125,0.25,0.8125,1.3663146570363986,-0.19167191527011712,0.6916719152701172,0.8833438305402344,True,,0.034071881673298776,,0,16,0,0.0,1.0,0.0
rn1qkb1r/ppp1p1pp/5p1n/3p4/3P4/2N2P2/PPP1P2P/R1BQKB1R b KQkq - 0 5,20,10,2,8,0.5,0.1,0.4,0.09999999999999998,0.89,1.360964047443681,-0.3134548554810895,0.5134548554810894,0.8269097109621788,True,,0.023638909682631493,,0,20,0,0.0,1.0,0.0
rnbqkbnr/pppp1ppp/8/4p3/8/4PN2/PPPP1PPP/RNBQKB1R b KQkq - 0 2,50,23,7,20,0.46,0.14,0.4,0.06,0.8564,1.4412167629454893,-0.19650829748928006,0.31650829748928005,0.5130165949785601,True,1.6408448972200091,0.013582511637359858,0.022004555712688754,38,50,38,0.76,1.0,0.76
rnbqkbnr/pppp2pp/8/4ppN1/8/4P3/PPPP1PPP/RNBQKB1R b KQkq - 1 3,28,15,6,7,0.5357142857142857,0.21428571428571427,0.25,0.2857142857142857,0.7040816326530612,1.458618550884106,-0.02508540852185631,0.5965139799504278,0.6215993884722841,True,2.099051316579183,0.011315613785492522,0.022292206088236528,6,28,6,0.21428571428571427,1.0,0.21428571428571427
rnbqkbnr/pp1p3p/2p1ppp1/8/3PP3/2N2N2/PPP2PPP/R1BQKB1R w KQkq - 0 5,11,7,1,3,0.6363636363636364,0.09090909090909091,0.2727272727272727,0.36363636363636365,0.7768595041322314,1.2406705316766884,-0.15722601520270474,0.884498742475432,1.0417247576781368,True,2.139219284057617,0.007547963622280143,0.018342097644155255,7,11,7,0.6363636363636364,1.0,0.6363636363636364
rnbq1knr/ppNp2pp/2p1pp2/8/1b1P4/2P2N2/PP2PPPP/R1BQKB1R b KQ - 0 6,16,9,3,4,0.5625,0.1875,0.25,0.3125,0.71484375,1.4197367178034825,-0.10177970841386003,0.7267797084138601,0.8285594168277202,True,1.5510772466659546,0.02650928671937436,0.03451118325013747,2,16,2,0.125,1.0,0.125
rnbqkb1r/pppp2pp/4pp1n/8/3P2P1/2N2N2/PPP1PP1P/R1BQKB1R b KQkq - 0 4,13,6,1,6,0.46153846153846156,0.07692307692307693,0.46153846153846156,0.0,0.9230769230769231,1.3143204867061788,-0.5222703388043869,0.5222703388043869,1.0445406776087738,True,1.6997218132019043,0.02201147750020027,0.05093322828739755,1,13,1,0.07692307692307693,1.0,0.07692307692307693
rnbqkb1r/pp2p1pp/2p2p1n/3pN3/3P2P1/2N5/PPP1PP1P/R1BQKB1R b KQkq - 1 5,15,8,1,6,0.5333333333333333,0.06666666666666667,0.4,0.1333333333333333,0.9155555555555556,1.272905595320056,-0.3508889960928921,0.6175556627595586,0.9684446588524507,True,1.2909976243972778,0.03522566432754199,0.03595759531308218,1,15,1,0.06666666666666667,1.0,0.06666666666666667
rnbqkbnr/ppp2ppp/8/3pp3/3PP3/5N2/PPP2PPP/RNBQKB1R b KQkq - 0 3,44,20,6,18,0.45454545454545453,0.13636363636363635,0.4090909090909091,0.045454545454545414,0.8615702479338843,1.4365455520910289,-0.2288083770293221,0.31971746793841294,0.548525844967735,True,2.297168720600217,0.018399160799824378,0.04243913791380553,43,44,43,0.9772727272727273,1.0,0.9772727272727273
rnbqk1nr/ppp2ppp/8/3pp3/1b1PP3/2P2N2/PP3PPP/RNBQKB1R b KQkq - 0 4,22,7,4,11,0.3181818181818182,0.18181818181818182,0.5,-0.18181818181818182,0.7851239669421487,1.47283015230032,-0.5520773900486691,0.18844102641230537,0.7405184164609744,True,2.2037665193731133,0.02116868280890313,0.04664314346325129,22,22,22,1.0,1.0,1.0
rnbqkb1r/ppp1p1pp/5p1n/1N1p4/6P1/5N2/PPPPPP1P/R1BQKB1R b KQkq - 1 4,18,10,2,6,0.5555555555555556,0.1111111111111111,0.3333333333333333,0.22222222222222227,0.8395061728395061,1.3516441151533924,-0.20105391516601379,0.6454983596104583,0.8465522747764721,True,1.6735780239105225,0.016912138865639765,0.028313711187122337,1,18,1,0.05555555555555555,1.0,0.05555555555555555
rn1qkb1r/ppp1p1pp/5p1n/1N1p4/8/7B/PPPPPP1P/R1BQK2R b KQkq - 1 5,10,6,1,3,0.6,0.1,0.3,0.3,0.8099999999999999,1.295461844238322,-0.2578155290741054,0.8578155290741054,1.1156310581482107,True,,0.015627800859510897,,0,10,0,0.0,1.0,0.0
rn1qkb1r/ppp1p1pp/5p2/1N1p4/8/8/PPPPPP1P/R1BQK2R b KQkq - 0 6,22,15,2,5,0.6818181818181818,0.09090909090909091,0.22727272727272727,0.4545454545454545,0.7024793388429753,1.1770225546116342,0.10431530602271488,0.8047756030681941,0.7004602970454792,False,,0.02307902513579889,,0,22,0,0.0,1.0,0.0
rnbqkb1r/pp2p1pp/2p2p2/3p4/3PP3/2N5/PPP2PP1/R1BQKB1R b KQkq - 0 6,16,10,1,5,0.625,0.0625,0.3125,0.3125,0.83984375,1.198192411043098,-0.13654239648405775,0.7615423964840577,0.8980847929681155,True,1.2882393598556519,0.028584889019839466,0.05990471054639013,1,16,1,0.0625,1.0,0.0625
rn1qkb1r/pp2p1pp/2p2p2/3p4/3PP1b1/2N2P2/PPP3P1/R1BQKB1R b KQkq - 0 7,15,9,1,5,0.6,0.06666666666666667,0.3333333333333333,0.26666666666666666,0.8622222222222222,1.2309595631140104,-0.20324049870070998,0.7365738320340434,0.9398143307347533,True,,0.025390151018897692,,0,15,0,0.0,1.0,0.0
rnbqkb1r/ppp1p1pp/5p2/3p4/3P4/2N5/PPP1PP1P/R1BQKB1R w KQkq - 0 5,23,11,0,12,0.4782608695652174,0.0,0.5217391304347826,-0.04347826086956519,0.998109640831758,0.9986359641585718,-0.45177254326215316,0.3648160215230228,0.8165885647851759,True,,0.030358179998786552,,0,23,0,0.0,1.0,0.0
rn1qkb1r/ppp1p1pp/5p2/3p4/3PP1b1/2N5/PPP2P1P/R1BQKB1R w KQkq - 1 6,15,10,0,5,0.6666666666666666,0.0,0.3333333333333333,0.3333333333333333,0.8888888888888888,0.9182958340544896,-0.14378510499124192,0.8104517716579085,0.9542368766491505,True,0.00761069506406784,0.012084291192392509,8.888613099562806e-05,5,15,5,0.3333333333333333,1.0,0.3333333333333333
rnbqkb1r/ppp3pp/5p1n/3pp3/3P2P1/2N2N2/PPP1PP1P/R1BQKB1R w KQkq - 0 5,24,13,2,9,0.5416666666666666,0.08333333333333333,0.375,0.16666666666666663,0.8888888888888888,1.3085024445205309,-0.2105285780253906,0.5438619113587239,0.7543904893841145,True,1.2820830742518108,0.020983583410270512,0.02407955460352995,3,24,3,0.125,1.0,0.125
rnbqkbnr/pp1pp1pp/2p2p2/1N6/8/5N2/PPPPPPPP/R1BQKB1R b KQkq - 1 3,13,10,1,2,0.7692307692307693,0.07692307692307693,0.15384615384615385,0.6153846153846154,0.5443786982248521,0.9912642605354287,0.2143083371901856,1.0164608935790453,0.8021525563888597,False,,0.026616589524424993,,0,13,0,0.0,1.0,0.0
rnbqkb1r/1pp1p1pp/p4p1n/3p4/3PP1P1/2N2N2/PPP2P1P/R1BQKB1R b KQkq - 0 5,18,8,2,8,0.4444444444444444,0.1111111111111111,0.4444444444444444,0.0,0.8888888888888888,1.3921472236645345,-0.435547552120012,0.435547552120012,0.871095104240024,True,2.0847601890563965,0.02532416468279229,0.040667832971436724,1,18,1,0.05555555555555555,1.0,0.05555555555555555
rnbqkbnr/ppp1p1pp/5p2/1N1p4/8/5N2/PPPPPPPP/R1BQKB1R b KQkq - 1 3,32,21,3,8,0.65625,0.09375,0.25,0.40625,0.7412109375,1.2189514568588302,0.10795634781653829,0.7045436521834617,0.5965873043669234,False,1.0790463089942932,0.017230925848707557,0.016280123599234586,2,32,2,0.0625,1.0,0.0625
rnbqkb1r/ppp1p1pp/5p1n/1N1p4/6P1/5N2/PPPPPP1P/R1BQKB1R b KQkq - 0 4,24,16,2,6,0.6666666666666666,0.08333333333333333,0.25,0.41666666666666663,0.7430555555555556,1.188721875540867,0.07179849631296331,0.76153483702037,0.6897363407074066,False,1.1456204652786255,0.016911417478695512,0.01599827764003159,1,24,1,0.041666666666666664,1.0,0.041666666666666664
rnbqkb1r/ppp1p1pp/5p2/1N1p4/8/7B/PPPPPP1P/R1BQK2R b KQkq - 1 5,14,9,1,4,0.6428571428571429,0.07142857142857142,0.2857142857142857,0.3571428571428572,0.8010204081632653,1.1981174211304033,-0.11167685481586148,0.825962569101576,0.9376394239174375,True,,0.016596813486622914,,0,14,0,0.0,1.0,0.0
3qkb1r/1pp1p1pp/5p2/3p4/8/8/PPPPPP1P/R1BQK2R b KQk - 0 7,15,11,0,4,0.7333333333333333,0.0,0.26666666666666666,0.4666666666666666,0.7822222222222223,0.8366407419411672,0.019089898182680476,0.9142434351506528,0.8951535369679723,False,,0.0323708962649107,,0,15,0,0.0,1.0,0.0
rnbqkb1r/pppp2pp/4pp1n/1N6/6P1/5N2/PPPPPP1P/R1BQKB1R b KQkq - 0 4,13,5,2,6,0.38461538461538464,0.15384615384615385,0.46153846153846156,-0.07692307692307693,0.8402366863905326,1.4604846813131116,-0.5752074126812643,0.4213612588351105,0.9965686715163748,True,,0.016371720327207677,,0,13,0,0.0,1.0,0.0
r1bqk2r/1p1p2pp/2p1p2n/4P3/3P4/8/P1P2P1P/R1BQKB1R w KQkq - 0 11,11,9,1,1,0.8181818181818182,0.09090909090909091,0.09090909090909091,0.7272727272727273,0.3801652892561984,0.8658566174572235,0.3629066147212097,1.091638839824245,0.7287322251030353,False,,0.021239485083655876,,0,11,0,0.0,1.0,0.0
r1bqk2r/1p1p3p/2p1p1pn/4P2Q/3P4/8/P1P2P1P/R1B1KB1R w KQkq - 0 12,11,9,1,1,0.8181818181818182,0.09090909090909091,0.09090909090909091,0.7272727272727273,0.3801652892561984,0.8658566174572235,0.3629066147212097,1.091638839824245,0.7287322251030353,False,0.06615370139479637,0.02243027336556803,0.0016205556476271386,4,11,4,0.36363636363636365,1.0,0.36363636363636365
rnbqkb1r/p1p1p1pp/5p1n/1p1pN3/3P2P1/2N5/PPP1PP1P/R1BQKB1R b KQkq - 1 5,62,37,4,21,0.5967741935483871,0.06451612903225806,0.3387096774193548,0.2580645161290323,0.8688865764828304,1.2285763038284059,0.026040045665779082,0.4900889865922855,0.4640489409265064,False,,0.035292295558798696,,0,62,0,0.0,1.0,0.0
rnbqkb1r/p1p1p1pp/7n/1p1p4/3PP1P1/2N5/PPP2P1P/R1BQKB1R b KQkq - 0 6,23,9,4,10,0.391304347826087,0.17391304347826086,0.43478260869565216,-0.04347826086956519,0.8241965973534972,1.491013870758994,-0.4145001920676898,0.3275436703285594,0.7420438623962492,True,1.2761776447296143,0.03160122790090416,0.05440985448479374,1,23,1,0.043478260869565216,1.0,0.043478260869565216
rnbqk1nr/pppp1Np1/7p/4pp2/1b1P4/2P5/PP2PPPP/RNBQKB1R b KQkq - 1 5,20,11,2,7,0.55,0.1,0.35,0.20000000000000007,0.86,1.3366664819166874,-0.20642678220049343,0.6064267822004936,0.8128535644009871,True,0.3344870401280267,0.02235372131690383,0.007330943110517419,7,20,7,0.35,1.0,0.35
rnb1k1nr/pppp1Np1/7p/4pp2/1b1P3q/2P3P1/PP2PP1P/RNBQKB1R b KQkq - 0 6,20,11,2,7,0.55,0.1,0.35,0.20000000000000007,0.86,1.3366664819166874,-0.20642678220049343,0.6064267822004936,0.8128535644009871,True,1.8748192588488262,0.02260688878595829,0.04272619131740878,18,20,18,0.9,1.0,0.9
rnbqkb2/ppp3p1/8/3ppp2/4P3/8/PPPP1PPP/RNBQKB1R b KQq - 0 4,12,10,0,2,0.8333333333333334,0.0,0.16666666666666666,0.6666666666666667,0.5555555555555555,0.6500224216483541,0.2449495627061134,1.0883837706272201,0.8434342079211068,False,1.2091771023614066,0.04672699669996897,0.055007130403895044,7,12,7,0.5833333333333334,1.0,0.5833333333333334
rnbqkb2/ppp5/6p1/3ppp2/3PP3/8/PPP2PPP/RNBQKB1R b KQq - 0 5,10,10,0,0,1.0,0.0,0.0,1.0,0.0,-0.0,1.0,1.0,0.0,False,1.9615738153457642,0.021102268248796463,0.04018793704466961,5,10,5,0.5,1.0,0.5
rnbqkb1r/p1p3pp/4p2n/1p1p4/3PP1PP/2N5/PPP2P2/R1BQKB1R b KQkq - 0 7,13,5,2,6,0.38461538461538464,0.15384615384615385,0.46153846153846156,-0.07692307692307693,0.8402366863905326,1.4604846813131116,-0.5752074126812643,0.4213612588351105,0.9965686715163748,True,1.7230611869267054,0.027108117938041687,0.04883876219133849,7,13,7,0.5384615384615384,1.0,0.5384615384615384
rnbqkb1r/1pp1p1pp/p4p1n/3pN3/3P2P1/2N5/PPP1PP1P/R1BQKB1R b KQkq - 1 5,20,13,3,4,0.65,0.15,0.2,0.45,0.6475000000000001,1.278897902987479,0.09734261765848101,0.8026573823415191,0.705314764683038,False,,0.02736082496121526,,0,20,0,0.0,1.0,0.0
rnbqk1nr/pppp1pp1/7p/4p3/1b1PP3/2P2N2/PP3PPP/RNBQKB1R b KQkq - 0 4,10,3,3,4,0.3,0.3,0.4,-0.10000000000000003,0.69,1.5709505944546684,-0.614840420545915,0.4148404205459149,1.02968084109183,True,0.6026260375976562,0.01574196182191372,0.008744241709458356,5,10,5,0.5,1.0,0.5
rnbqkb1r/pp1pp1pp/2p2p1n/8/8/2N2N1P/PPPPPPP1/R1BQKB1R w KQkq - 0 4,21,16,5,0,0.7619047619047619,0.23809523809523808,0.0,0.7619047619047619,0.18140589569161003,0.7918583525674836,0.5797400956677012,0.9440694281418225,0.36432933247412125,False,,0.007174950669563952,,0,21,0,0.0,1.0,0.0
rnbqkb1r/pp1pp1pp/2p4n/8/8/2N4P/PPPPPPP1/R1BQKB1R w KQkq - 0 5,22,18,4,0,0.8181818181818182,0.18181818181818182,0.0,0.8181818181818182,0.14876033057851235,0.6840384356390417,0.6570132610083648,0.9793503753552717,0.32233711434690693,False,,0.010671748652715574,,0,22,0,0.0,1.0,0.0
rnbqkb1r/pp1p2pp/2p1p2n/8/3P4/2N4P/PPP1PPP1/R1BQKB1R w KQkq - 0 6,19,15,4,0,0.7894736842105263,0.21052631578947367,0.0,0.7894736842105263,0.16620498614958445,0.7424875695421236,0.6061606631541253,0.9727867052669273,0.36662604211280203,False,,0.007532839932920117,,0,19,0,0.0,1.0,0.0
rnb1kb1r/pp1p2pp/2p1pq1n/6B1/3P4/2N4P/PPP1PPP1/R2QKB1R w KQkq - 2 7,18,14,4,0,0.7777777777777778,0.2222222222222222,0.0,0.7777777777777778,0.1728395061728395,0.7642045065086203,0.5857193599356953,0.9698361956198602,0.3841168356841649,False,,0.02123341492066781,,0,18,0,0.0,1.0,0.0
rnbqk1nr/pppp2pp/8/4ppN1/1b6/2P1P3/PP1P1PPP/RNBQKB1R b KQkq - 0 4,11,5,3,3,0.45454545454545453,0.2727272727272727,0.2727272727272727,0.18181818181818182,0.6942148760330579,1.5394847569315018,-0.31055989344459733,0.674196257080961,0.9847561505255583,True,1.2947957515716553,0.012838666242631998,0.017477041616911326,3,11,3,0.2727272727272727,1.0,0.2727272727272727
rnb1k2r/pppp3p/4p1p1/1N3p2/1b6/2N1P3/PPPP2PP/R1B1KB1R b KQkq - 0 9,11,3,1,7,0.2727272727272727,0.09090909090909091,0.6363636363636364,-0.36363636363636365,0.7768595041322314,1.2406705316766884,-0.884498742475432,0.15722601520270474,1.0417247576781368,True,,0.031729350543834946,,0,11,0,0.0,1.0,0.0
rnbqkbnr/ppp3pp/8/3pppN1/4P3/8/PPPP1PPP/RNBQKB1R w KQkq - 0 4,96,51,11,34,0.53125,0.11458333333333333,0.3541666666666667,0.17708333333333331,0.8540581597222223,1.373283575220447,-0.007782306249702858,0.3619489729163695,0.3697312791660724,True,1.500724131191099,0.013935666269389912,0.021153326229491752,74,96,74,0.7708333333333334,1.0,0.7708333333333334
rnb1kbnr/ppp2Npp/8/3ppp2/4P2q/8/PPPP1PPP/RNBQKB1R w KQkq - 2 5,44,24,7,13,0.5454545454545454,0.1590909090909091,0.29545454545454547,0.24999999999999994,0.7784090909090908,1.418606600283998,-0.010690798577950578,0.5106907985779505,0.521381597155901,True,0.04903230112459925,0.011674080530858853,0.0005444264770095548,9,44,9,0.20454545454545456,1.0,0.20454545454545456
rnb1kbnr/ppp2Npp/8/3ppp1q/4P3/6P1/PPPP1P1P/RNBQKB1R w KQkq - 1 6,39,20,7,12,0.5128205128205128,0.1794871794871795,0.3076923076923077,0.20512820512820507,0.7784352399737016,1.4620792352518803,-0.0717743936380224,0.48203080389443254,0.5538051975324549,True,0.6372222542762757,0.022674645225589093,0.014239465720232802,5,39,5,0.1282051282051282,1.0,0.1282051282051282
rnbqkb1r/p1p3pp/4p2n/1p1p4/3PP1P1/2N5/PPP2P1P/R1BQKB1R w KQkq - 0 7,12,7,1,4,0.5833333333333334,0.08333333333333333,0.3333333333333333,0.25000000000000006,0.8541666666666667,1.280672129520887,-0.27291220391266163,0.7729122039126617,1.0458244078253234,True,1.431115210056305,0.015308577877779802,0.021609150974721825,2,12,2,0.16666666666666666,1.0,0.16666666666666666
rnbqkbnr/ppp3pp/8/3p1pN1/4P3/8/PPP2PPP/RNBQKB1R w KQkq - 0 5,15,9,2,4,0.6,0.13333333333333333,0.26666666666666666,0.3333333333333333,0.7555555555555555,1.3382689280764646,-0.10654813201942431,0.7732147986860909,0.8797629307055153,True,1.614333176612854,0.0054087366287906965,0.008922299750970015,15,15,15,1.0,1.0,1.0
rnbqkb1r/ppp1p1pp/5p2/3p4/3PP3/2N5/PPP2P1P/R1BQKB1R b KQkq - 0 5,38,18,4,16,0.47368421052631576,0.10526315789473684,0.42105263157894735,0.05263157894736842,0.89196675900277,1.3779630390761746,-0.2476513391454626,0.35291449704019945,0.6005658361856621,True,1.1363842487335205,0.0205805756543812,0.02137228708909733,2,38,2,0.05263157894736842,1.0,0.05263157894736842
rn1qkb1r/ppp1p1pp/5p2/3p4/3PP1b1/2N2P2/PPP4P/R1BQKB1R b KQkq - 0 6,33,16,4,13,0.48484848484848486,0.12121212121212122,0.3939393939393939,0.09090909090909094,0.8705234159779615,1.4048269576665082,-0.22742368022777526,0.40924186204595714,0.6366655422737324,True,2.033482789993286,0.02167207956539862,0.042177070353568435,1,33,1,0.030303030303030304,1.0,0.030303030303030304
rnbqkb1r/pppp1ppp/7n/4p3/4P3/5N2/PPPP1PPP/RNBQKB1R w KQkq - 1 3,17,11,2,4,0.6470588235294118,0.11764705882352941,0.23529411764705882,0.411764705882353,0.7128027681660899,1.2607717938967942,0.01042851988928839,0.8131008918754176,0.8026723719861292,False,0.6006245613098145,0.004994616569841609,0.002651943624566666,1,17,1,0.058823529411764705,1.0,0.058823529411764705
rnbqk1nr/ppp3pp/8/3pppN1/1b1PP3/2P5/PP3PPP/RNBQKB1R b KQkq - 0 5,43,19,10,14,0.4418604651162791,0.23255813953488372,0.32558139534883723,0.11627906976744184,0.7539210383991347,1.5371281823042329,-0.1432444929511833,0.375802632486067,0.5190471254372503,True,1.2658300399780273,0.011442077995906042,0.014571276526452267,30,43,30,0.6976744186046512,1.0,0.6976744186046512
rnbqkb1r/p1p1p1pp/5p2/1p1p4/3PP3/2N5/PPP2P1P/R1BQKB1R w KQkq - 0 6,13,7,1,5,0.5384615384615384,0.07692307692307693,0.38461538461538464,0.1538461538461538,0.8994082840236687,1.2957378005380122,-0.3616849305011575,0.6693772381934651,1.0310621686946226,True,2.301602602005005,0.019925644907813806,0.042765385946886614,2,13,2,0.15384615384615385,1.0,0.15384615384615385
rnbqkbnr/ppp3pp/4N3/3ppp2/3P4/8/PPP1PPPP/RNBQKB1R b KQkq - 1 4,10,4,1,5,0.4,0.1,0.5,-0.09999999999999998,0.89,1.360964047443681,-0.6847134640503647,0.48471346405036475,1.1694269281007295,True,0.034666014170008044,0.0359807301312685,0.0013394129429601753,7,10,7,0.7,1.0,0.7
rnbqkbnr/ppp1p1pp/5p2/3p4/3P4/2N2N2/PPP1PPPP/R1BQKB1R b KQkq - 0 3,40,22,4,14,0.55,0.1,0.35,0.20000000000000007,0.86,1.3366664819166874,-0.0873871337497969,0.48738713374979703,0.5747742674995939,True,1.8566796346144243,0.014512439910322427,0.02661014414713425,11,40,11,0.275,1.0,0.275
rnbqkb1r/ppp1p1pp/5p2/1N1p4/3P4/8/PPP1PP1P/R1BQKB1R b KQkq - 1 5,12,7,2,3,0.5833333333333334,0.16666666666666666,0.25,0.33333333333333337,0.7222222222222222,1.384431504340598,-0.1474981449464679,0.8141648116131346,0.9616629565596024,True,,0.02012085821479559,,0,12,0,0.0,1.0,0.0
rn1qkb1r/ppp1p1pp/5p2/1N1p4/3P2b1/5P2/PPP1P2P/R1BQKB1R b KQkq - 0 6,18,10,4,4,0.5555555555555556,0.2222222222222222,0.2222222222222222,0.33333333333333337,0.6666666666666666,1.4355205042826666,-0.04386191135872386,0.7105285780253906,0.7543904893841145,True,1.7299360036849976,0.018411941153721675,0.03504349386557193,1,18,1,0.05555555555555555,1.0,0.05555555555555555
rnbqkb1r/pp1pp1pp/5p2/8/4P3/8/PPPP1P1P/R1BQKB1R w KQkq - 0 6,10,9,0,1,0.9,0.0,0.1,0.8,0.3599999999999999,0.4689955935892812,0.4281229806172631,1.171877019382737,0.743754038765474,False,,0.015491837495937943,,0,10,0,0.0,1.0,0.0
rnbqkb1r/pp1pp2p/5pp1/7Q/4P3/8/PPPP1P1P/R1B1KB1R w KQkq - 0 7,10,9,0,1,0.9,0.0,0.1,0.8,0.3599999999999999,0.4689955935892812,0.4281229806172631,1.171877019382737,0.743754038765474,False,1.4606502737317766,0.037730290181934835,0.05841641624096055,7,10,7,0.7,1.0,0.7
rnbqk1nr/ppp3pp/8/1B1p1pN1/1b2P3/2P5/PP3PPP/RNBQK2R b KQkq - 1 6,13,4,2,7,0.3076923076923077,0.15384615384615385,0.5384615384615384,-0.23076923076923073,0.7928994082840237,1.419556298571613,-0.7148139224340695,0.2532754608956081,0.9680893833296775,True,,0.011377098002972512,,0,13,0,0.0,1.0,0.0
rnbqk1nr/ppp2Npp/8/3p1p2/1b2P3/2P5/PP3PPP/RNBQKB1R b KQkq - 1 6,15,8,3,4,0.5333333333333333,0.2,0.26666666666666666,0.26666666666666666,0.7288888888888889,1.456564762130954,-0.16538245488690256,0.698715788220236,0.8640982431071385,True,0.5185251642357219,0.012985281397898991,0.006916513411956401,11,15,11,0.7333333333333333,1.0,0.7333333333333333
rnb1k1nr/ppp2Npp/8/3p1p2/1b2P2q/2P3P1/PP3P1P/RNBQKB1R b KQkq - 0 7,13,8,3,2,0.6153846153846154,0.23076923076923078,0.15384615384615385,0.46153846153846156,0.5562130177514792,1.3346791410515946,0.05612609756375131,0.8669508255131718,0.8108247279494205,False,1.097872535387675,0.02359639867567099,0.025537659010349895,12,13,12,0.9230769230769231,1.0,0.9230769230769231
rnb1k1nr/ppp2Npp/8/3p1p2/1b2P3/2P3P1/PP3P1P/RNB1KB1R b KQkq - 0 8,11,7,3,1,0.6363636363636364,0.2727272727272727,0.09090909090909091,0.5454545454545454,0.42975206611570255,1.2406705316766884,0.15805354753358797,0.9328555433755028,0.7748019958419148,False,,0.041047816249457275,,0,11,0,0.0,1.0,0.0
rnbqkb1r/ppp3pp/5p1n/3pp1N1/3P2P1/2N5/PPP1PP1P/R1BQKB1R b KQkq - 1 5,21,7,2,12,0.3333333333333333,0.09523809523809523,0.5714285714285714,-0.23809523809523808,0.8480725623582765,1.3127443531093745,-0.631967094538535,0.15577661834805878,0.7877437128865937,True,1.4017120838165282,0.029758114456420855,0.040887181669135055,10,21,10,0.47619047619047616,1.0,0.47619047619047616
rnbqk1nr/ppp3pp/8/3pppN1/1b1PP3/8/PPP2PPP/RNBQKB1R w KQkq - 1 5,16,9,0,7,0.5625,0.0,0.4375,0.125,0.984375,0.9886994082884974,-0.3611478701627713,0.6111478701627713,0.9722957403255426,True,,0.020818727905862033,,0,16,0,0.0,1.0,0.0
rnbqkb1r/pp1p2pp/2p1pp1n/8/3N4/2N1P3/PPPP1PPP/R1BQKB1R w KQkq - 2 5,11,8,0,3,0.7272727272727273,0.0,0.2727272727272727,0.4545454545454546,0.7933884297520661,0.8453509366224364,-0.07182884899526343,0.9809197580861726,1.052748607081436,True,1.5665304395887587,0.0076378829438577996,0.012009813639913899,9,11,9,0.8181818181818182,1.0,0.8181818181818182
rnbqk1nr/ppp3pp/8/3p1pN1/1b2P3/2P5/PP3PPP/RNBQKB1R w KQkq - 0 6,15,7,1,7,0.4666666666666667,0.06666666666666667,0.4666666666666667,0.0,0.9333333333333333,1.2866926683547546,-0.4889009147043454,0.4889009147043454,0.9778018294086908,True,1.7531645848200872,0.00442447611130774,0.007716587080052212,13,15,13,0.8666666666666667,1.0,0.8666666666666667
rnbqkb1r/pppp2pp/4pp1n/1N6/8/5N2/PPPPPPPP/R1BQKB1R w KQkq - 2 4,11,7,0,4,0.6363636363636364,0.0,0.36363636363636365,0.2727272727272727,0.9256198347107438,0.9456603046006401,-0.295821955864798,0.8412765013193434,1.1370984571841414,True,,0.008251565720208666,,0,11,0,0.0,1.0,0.0
rnbqkb1r/p1p1p1pp/5p2/1p6/3P4/2N5/PPP2P1P/R1BQKB1R b KQkq - 0 6,12,5,0,7,0.4166666666666667,0.0,0.5833333333333334,-0.16666666666666669,0.9722222222222222,0.9798687566511528,-0.7245459570176649,0.39121262368433146,1.1157585807019963,True,,0.024650617347409327,,0,12,0,0.0,1.0,0.0
rn1qkb1r/p1p1p1pp/5p2/1p6/3P2b1/2N2P2/PPP4P/R1BQKB1R b KQkq - 0 7,12,6,0,6,0.5,0.0,0.5,0.0,1.0,1.0,-0.5657928670380858,0.5657928670380858,1.1315857340761717,True,,0.02137989333520333,,0,12,0,0.0,1.0,0.0
rnb1kbnr/ppp2Npp/8/3ppp2/4P3/6P1/PPPP1P1P/RNB1KB1R b KQkq - 0 6,23,13,1,9,0.5652173913043478,0.043478260869565216,0.391304347826087,0.1739130434782608,0.9262759924385634,1.191603636543317,-0.21941451564143472,0.5672406025979564,0.786655118239391,True,1.6153419017791748,0.026565337310666622,0.04934221303730446,1,23,1,0.043478260869565216,1.0,0.043478260869565216
rnbqk1nr/ppp2ppp/8/3pp3/1b1PP3/5N2/PPP2PPP/RNBQKB1R w KQkq - 1 4,14,8,2,4,0.5714285714285714,0.14285714285714285,0.2857142857142857,0.2857142857142857,0.7755102040816326,1.3787834934861753,-0.17557974153078687,0.7470083129593583,0.9225880544901452,True,,0.008419773142252649,,0,14,0,0.0,1.0,0.0
rn1qkbnr/ppp3pp/8/3ppp2/3PP3/8/PPP2PPP/RNBQKB1R b KQkq - 0 5,13,9,1,3,0.6923076923076923,0.07692307692307693,0.23076923076923078,0.4615384615384615,0.7100591715976332,1.1401156785146092,0.003477072643874757,0.9195998504330483,0.9161227777891735,False,2.2808832100459506,0.017093856030931838,0.03577814488151106,7,13,7,0.5384615384615384,1.0,0.5384615384615384
rnbqkb1r/pppp2pp/7n/4ppN1/4P3/8/PPPP1PPP/RNBQKB1R w KQkq - 0 4,15,10,2,3,0.6666666666666666,0.13333333333333333,0.2,0.4666666666666666,0.648888888888889,1.2419460322060458,0.05901649426614436,0.8743168390671889,0.8153003448010445,False,0.5918159633874893,0.010153616157670816,0.00609871213544684,4,15,4,0.26666666666666666,1.0,0.26666666666666666
rnb1kb1r/pppp1Npp/7n/4pp2/4P2q/8/PPPP1PPP/RNBQKB1R w KQkq - 2 5,13,8,2,3,0.6153846153846154,0.15384615384615385,0.23076923076923078,0.38461538461538464,0.698224852071006,1.3346791410515946,-0.06961278719122016,0.8388435564219894,0.9084563436132096,True,0.06942791491746902,0.008308912842319561,0.0007684823790164788,1,13,1,0.07692307692307693,1.0,0.07692307692307693
rn1qkb1r/p1p1p1pp/5p2/1p1p4/3PP3/2N5/PPP4P/R1BQKB1R b KQkq - 0 7,14,6,2,6,0.42857142857142855,0.14285714285714285,0.42857142857142855,0.0,0.8571428571428571,1.4488156357251847,-0.4849653146040736,0.4849653146040736,0.9699306292081472,True,,0.021964209420340403,,0,14,0,0.0,1.0,0.0
rnbqkb1r/p1p1p1pp/7n/1p1p2B1/3P2P1/2N5/PPP1PP1P/R2QKB1R b KQkq - 1 6,14,14,0,0,1.0,0.0,0.0,1.0,0.0,-0.0,1.0,1.0,0.0,False,,0.027035360224545002,,0,14,0,0.0,1.0,0.0
rnbqkbnr/ppp3pp/4N3/3ppp2/4P3/8/PPPP1PPP/RNBQKB1R b KQkq - 1 4,16,10,0,6,0.625,0.0,0.375,0.25,0.9375,0.954434002924965,-0.22443174195562254,0.7244317419556225,0.9488634839112451,True,0.011400706636217924,0.017904022126458585,0.00020042947394033326,13,16,13,0.8125,1.0,0.8125
rnbqkb1r/1pp2Npp/p3pp1n/3p4/3P2P1/2N5/PPP1PP1P/R1BQKB1R b KQkq - 1 6,13,9,2,2,0.6923076923076923,0.15384615384615385,0.15384615384615385,0.5384615384615384,0.5562130177514792,1.198183947911799,0.13304917448682818,0.9438739024362487,0.8108247279494205,False,0.8894751667976379,0.022175075916143563,0.018700282741281438,1,13,1,0.07692307692307693,1.0,0.07692307692307693
rnb1kb1r/ppp2Npp/7n/3ppp2/4P3/6P1/PPPP1P1P/RNB1KB1R w KQkq - 1 7,19,8,3,8,0.42105263157894735,0.15789473684210525,0.42105263157894735,0.0,0.8421052631578947,1.4713544870139295,-0.4126239967452745,0.4126239967452745,0.825247993490549,True,,0.020529445113712234,,0,19,0,0.0,1.0,0.0
rnbqkb1r/p1p3pp/4p2n/1p1p2B1/3P2P1/2N5/PPP1PP1P/R2QKB1R w KQkq - 0 7,23,23,0,0,1.0,0.0,0.0,1.0,0.0,-0.0,1.0,1.0,0.0,False,0.20705778896808624,0.01439866771840531,0.0028602919470184646,2,23,2,0.08695652173913043,1.0,0.08695652173913043
rnbqkb1r/p1p2Npp/4pp1n/1p1p4/3P2P1/2N5/PPP1PP1P/R1BQKB1R b KQkq - 1 6,11,6,0,5,0.5454545454545454,0.0,0.45454545454545453,0.09090909090909088,0.9917355371900827,0.9940302114769565,-0.497595271253986,0.6794134530721678,1.1770087243261538,True,,0.031590353528207,,0,11,0,0.0,1.0,0.0
rnbqkb1r/p1p3pp/4pp1n/1p1pN3/3P2P1/2N5/PPP1PP1P/R1BQKB1R w KQkq - 0 6,11,7,0,4,0.6363636363636364,0.0,0.36363636363636365,0.2727272727272727,0.9256198347107438,0.9456603046006401,-0.295821955864798,0.8412765013193434,1.1370984571841414,True,0.6260685920715332,0.021399072202091866,0.012474222805691187,2,11,2,0.18181818181818182,1.0,0.18181818181818182
rn1qkbnr/ppp3pp/8/3ppp2/4P3/8/PPPP1PPP/RNBQKB1R w KQkq - 0 5,11,4,1,6,0.36363636363636365,0.09090909090909091,0.5454545454545454,-0.18181818181818177,0.8760330578512396,1.3221793455166666,-0.7349288001563131,0.3712924365199496,1.1062212366762627,True,,0.008028281556273048,,0,11,0,0.0,1.0,0.0
