fen,n,W,D,L,pW,pD,pL,mean_reward,reward_variance,result_entropy,ci95_low,ci95_high,ci95_width,ci_contains_zero,H_mean,U_mean,HU_mean
rnbqkbnr/pppppppp/8/8/8/8/PPPPPPPP/RNBQKBNR w KQkq - 0 1,1800,1030,203,567,0.5722222222222222,0.11277777777777778,0.315,0.2572222222222222,0.8210589506172838,1.3408868221261856,0.21536224300473897,0.2990822014397054,0.08371995843496641,False,0.6322555691003799,0.005261791869997978,0.003321253002083503
rnbqkbnr/ppppp1pp/5p2/8/8/5N2/PPPPPPPP/RNBQKB1R w KQkq - 0 2,1636,946,183,507,0.578239608801956,0.11185819070904646,0.3099022004889976,0.26833740831295844,0.8161368445908382,1.3342310539406843,0.224561221036524,0.31211359558939283,0.08755237455286882,False,1.3248918523208153,0.005907353578467824,0.007814151721299486
rnbqkb1r/ppppp1pp/5p1n/8/8/2N2N2/PPPPPPPP/R1BQKB1R w KQkq - 2 3,381,236,33,112,0.6194225721784777,0.08661417322834646,0.29396325459317585,0.3254593175853019,0.8074620593685632,1.2529319201477178,0.23523020922422075,0.415688425946383,0.18045821672216225,False,,0.00842641385423699,
rnbqkb1r/ppppp1pp/5p2/8/8/2N5/PPPPPP1P/R1BQKB1R w KQkq - 0 4,166,113,13,40,0.6807228915662651,0.0783132530120482,0.24096385542168675,0.43975903614457834,0.7282987371171432,1.1602017031285818,0.30993687771980666,0.5695811945693501,0.2596443168495434,False,,0.0075140575519257995,
rnbqkb1r/pp1pp1pp/2p2p2/8/4P3/2N5/PPPP1P1P/R1BQKB1R w KQkq - 0 5,63,53,1,9,0.8412698412698413,0.015873015873015872,0.14285714285714285,0.6984126984126984,0.4963466868228774,0.7057067631057836,0.524444294137667,0.8723811026877297,0.3479368085500627,False,,0.013953912677982497,
rnbqkb1r/pp1pp1pp/2p2p1n/8/6P1/2N2N2/PPPPPP1P/R1BQKB1R w KQkq - 0 4,127,72,12,43,0.5669291338582677,0.09448818897637795,0.33858267716535434,0.22834645669291337,0.8533697067394135,1.3147985878375943,0.06768383793827995,0.3890090754475468,0.3213252375092669,False,,0.007088406462457002,
rnbqkbnr/pppppppp/8/8/8/5N2/PPPPPPPP/RNBQKB1R b KQkq - 1 1,1676,863,172,641,0.5149164677804295,0.1026252983293556,0.38245823389021477,0.13245823389021477,0.8798295179453295,1.360482255457817,0.08755161596829761,0.17736485181213194,0.08981323584383433,False,0.37220119871643675,0.0027250484127200126,0.0010124652224848987
rnbqkbnr/ppppp1pp/5p2/8/8/4PN2/PPPP1PPP/RNBQKB1R b KQkq - 0 2,994,498,101,395,0.5010060362173038,0.10160965794768612,0.39738430583501005,0.10362173038229372,0.8876528790448931,1.3638270768356269,0.0450515607518,0.16219190001278744,0.11714033926098744,False,0.7021745481644289,0.00443593094310905,0.0031198776974498267
rnbqkbnr/pppp2pp/4pp2/8/3N4/4P3/PPPP1PPP/RNBQKB1R b KQkq - 1 3,355,173,27,155,0.48732394366197185,0.07605633802816901,0.43661971830985913,0.05070422535211272,0.9213727435032731,1.3100641474707095,-0.04914658522917534,0.15055503593340078,0.19970162116257612,True,1.138924026153457,0.0017941100913113062,0.0020376044454629297
rnbqk1nr/pppp2pp/4pp2/8/1b1N4/2P1P3/PP1P1PPP/RNBQKB1R b KQkq - 0 4,93,44,7,42,0.4731182795698925,0.07526881720430108,0.45161290322580644,0.021505376344086058,0.9242687015839982,1.309655505396717,-0.17388615659425055,0.21689690928242267,0.3907830658766732,True,1.4163288871447246,0.0025051330887181783,0.003545929429308198
rnbqk1nr/pppp2pp/4p3/1N3p2/1b6/2P1P3/PP1P1PPP/RNBQKB1R b KQkq - 1 5,56,23,5,28,0.4107142857142857,0.08928571428571429,0.5,-0.0892857142857143,0.9027423469387755,1.338470934890443,-0.3381347631752999,0.1595633346038713,0.4976980977791712,True,0.36096780719580474,0.0030882758354502065,0.0011158920643904837
rnb1k1nr/pppp2pp/4p3/1N3p2/1b5q/2P1P1P1/PP1P1P1P/RNBQKB1R b KQkq - 0 6,58,23,6,29,0.39655172413793105,0.10344827586206896,0.5,-0.10344827586206895,0.8858501783590963,1.36775429077692,-0.3456706367091382,0.13877408498500032,0.48444472169413855,True,0.5405070551654749,0.004015114607995954,0.0021600853643430817
rnb1k2r/pppp3p/4p1p1/1N6/1b6/2P1P1P1/PP1P3P/RNB1KB1R b KQkq - 0 10,10,1,0,9,0.1,0.0,0.9,-0.8,0.3599999999999999,0.4689955935892812,-1.171877019382737,-0.4281229806172631,0.743754038765474,False,,0.004046604316681623,
rnb1k2r/pppp2pp/4pn2/1N3p2/1b5q/2PPP1P1/PP3P1P/RNBQKB1R b KQkq - 0 7,26,13,2,11,0.5,0.07692307692307693,0.4230769230769231,0.07692307692307693,0.9171597633136095,1.3096910973393818,-0.291192261543154,0.44503841538930783,0.7362306769324618,True,1.0882135820388794,0.003602876498077351,0.0038945784788396364
rnb1k2r/pppp2pp/4pn2/1N3p1q/1b6/2PPPPP1/PP5P/RNBQKB1R b KQkq - 0 8,20,10,1,9,0.5,0.05,0.45,0.04999999999999999,0.9475,1.2344977967946407,-0.37660181859713654,0.4766018185971365,0.8532036371942731,True,1.8030070215463638,0.0022904283134266732,0.004122494815535973
r3k2r/1p1p2pp/p3pn2/5p1q/1b6/2PPPPP1/PP5P/RNBQKB1R b KQkq - 0 9,15,9,1,5,0.6,0.06666666666666667,0.3333333333333333,0.26666666666666666,0.8622222222222222,1.2309595631140104,-0.20324049870070998,0.7365738320340434,0.9398143307347533,True,2.1634768417903354,0.002414857658247153,0.005217724298265859
rnbqkbnr/ppp1p1pp/5p2/3p4/8/4PN2/PPPP1PPP/RNBQKB1R w KQkq - 0 3,462,264,59,139,0.5714285714285714,0.1277056277056277,0.3008658008658009,0.2705627705627705,0.7990901594797699,1.3618598714343522,0.18905012392409196,0.3520754172014491,0.16302529327735713,False,0.5391157832145691,0.006100831581561854,0.0032904311018901507
rnbqkbnr/ppp1p1pp/8/3p4/8/4P3/PPPP1PPP/RNBQKB1R w KQkq - 0 4,426,244,57,125,0.5727699530516432,0.13380281690140844,0.2934272300469484,0.27934272300469487,0.788164826202914,1.3678136654007316,0.19503801738780585,0.3636474286215839,0.16860941123377804,False,,0.0069107173804298675,
rnbqkbnr/ppp1p2p/6p1/3p3Q/8/4P3/PPPP1PPP/RNB1KB1R w KQkq - 0 5,426,244,57,125,0.5727699530516432,0.13380281690140844,0.2934272300469484,0.27934272300469487,0.788164826202914,1.3678136654007316,0.19503801738780585,0.3636474286215839,0.16860941123377804,False,0.0030561062658942023,0.006245421547390205,1.900445851956883e-05
rn1qkbnr/ppp1p2p/4b1p1/3pQ3/8/4P3/PPPP1PPP/RNB1KB1R w KQkq - 2 6,424,242,57,125,0.5707547169811321,0.13443396226415094,0.294811320754717,0.2759433962264151,0.7894212798148809,1.3704613276513995,0.19137276399338948,0.36051402845944075,0.16914126446605127,False,0.9171480042739999,0.006563459530709979,0.006012661283288103
r3kbnr/p3p2p/4b1p1/1p1p4/8/4P3/PPPP1PPP/RNB1KB1R w KQkq - 0 7,341,188,47,106,0.5513196480938416,0.1378299120234604,0.31085043988269795,0.24046920821114365,0.8043446478788452,1.3916691362736038,0.14527906291807335,0.33565935350421394,0.1903802905861406,False,,0.00957962974927817,
r3kbnr/p3p2p/6p1/1p1p1b2/8/2N1P3/PPPP1PPP/R1B1KB1R w KQkq - 2 8,15,10,1,4,0.6666666666666666,0.06666666666666667,0.26666666666666666,0.39999999999999997,0.7733333333333334,1.158938532350277,-0.04502645274710915,0.8450264527471091,0.8900529054942182,True,,0.005123269806305567,
r3kbnr/p3p2p/6p1/1p1p4/4N1b1/4P3/PPPP1PPP/R1B1KB1R w KQkq - 4 9,13,9,1,3,0.6923076923076923,0.07692307692307693,0.23076923076923078,0.4615384615384615,0.7100591715976332,1.1401156785146092,0.003477072643874757,0.9195998504330483,0.9161227777891735,False,,0.010928508897240344,
rnbqkbnr/ppppp1pp/5p2/8/8/2N2N2/PPPPPPPP/R1BQKB1R b KQkq - 1 2,380,222,36,122,0.5842105263157895,0.09473684210526316,0.32105263157894737,0.26315789473684215,0.83601108033241,1.3013619831616876,0.1712268258986122,0.3550889635750721,0.18386213767645987,False,1.2602317421994311,0.0021848764239908443,0.002748060008721997
rnbqkb1r/ppppp1pp/5p1n/8/6P1/2N2N2/PPPPPP1P/R1BQKB1R b KQkq - 0 3,152,94,14,44,0.618421052631579,0.09210526315789473,0.2894736842105263,0.32894736842105265,0.7996883656509696,1.2633925648478916,0.18678433363083127,0.47111040321127406,0.2843260695804428,False,,0.0024356436854424445,
rnbqkb1r/ppppp1pp/5p2/8/4P3/2N5/PPPP1P1P/R1BQKB1R b KQkq - 0 4,68,38,5,25,0.5588235294117647,0.07352941176470588,0.36764705882352944,0.19117647058823528,0.8899221453287197,1.2767673893435574,-0.03304109952746498,0.41539404070393554,0.4484351402314005,True,1.2503291368484497,0.0019599372462835163,0.002630930580408114
rnbqkb1r/pppp2pp/4pp2/1N6/4P3/8/PPPP1P1P/R1BQKB1R b KQkq - 1 5,16,7,3,6,0.4375,0.1875,0.375,0.0625,0.80859375,1.5052408149441479,-0.3781089247631935,0.5031089247631935,0.8812178495263869,True,,0.002860458509530872,
rnbqk2r/pppp2pp/4pp2/1N6/1b2P3/2P5/PP1P1P1P/R1BQKB1R b KQkq - 0 6,15,7,3,5,0.4666666666666667,0.2,0.3333333333333333,0.13333333333333336,0.7822222222222223,1.5058231002082845,-0.3142434351506528,0.5809101018173195,0.8951535369679723,True,,0.0025866450431446236,
rnbqkb1r/pppp2pp/4pp2/8/4P3/2N5/PPPP1P1P/R1BQKB1R w KQkq - 0 5,27,16,4,7,0.5925925925925926,0.14814814814814814,0.25925925925925924,0.3333333333333333,0.7407407407407407,1.360388077926312,0.008695355342006827,0.6579713113246598,0.649275955982653,False,,0.00986500743224665,
rnbqk2r/pppp2pp/4pp2/1N6/1b2P3/8/PPPP1P1P/R1BQKB1R w KQkq - 2 6,15,7,2,6,0.4666666666666667,0.13333333333333333,0.4,0.06666666666666665,0.8622222222222222,1.4294732983598406,-0.40324049870071,0.5365738320340433,0.9398143307347533,True,,0.010225345815221469,
rnbqk2r/pp1p2pp/2p1pp2/1N6/1b2P3/2P5/PP1P1P1P/R1BQKB1R w KQkq - 0 7,10,5,1,4,0.5,0.1,0.4,0.09999999999999998,0.89,1.360964047443681,-0.48471346405036475,0.6847134640503647,1.1694269281007295,True,,0.010002658981829882,
rnbq1k1r/ppNp2pp/2p1pp2/8/1b2P3/2P5/PP1P1P1P/R1BQKB1R w KQ - 2 8,10,5,1,4,0.5,0.1,0.4,0.09999999999999998,0.89,1.360964047443681,-0.48471346405036475,0.6847134640503647,1.1694269281007295,True,,0.010119602642953395,
rnbqkbnr/pp1pp1pp/2p2p2/8/8/2N2N2/PPPPPPPP/R1BQKB1R w KQkq - 0 3,310,175,34,101,0.5645161290322581,0.10967741935483871,0.3258064516129032,0.2387096774193549,0.8333402705515088,1.3425274990448814,0.13708985567770077,0.340329499161009,0.20323964348330825,False,,0.006237895888907294,
rnbqkbnr/pp1p2pp/2p1pp2/8/3P4/2N2N2/PPP1PPPP/R1BQKB1R w KQkq - 0 4,25,12,3,10,0.48,0.12,0.4,0.07999999999999996,0.8736,1.404107451387086,-0.286382228049254,0.4463822280492539,0.7327644560985079,True,1.0590244020734514,0.008644056245684624,0.009064083785987062
rnbqkbnr/ppppp1pp/5p2/8/3P4/5N2/PPP1PPPP/RNBQKB1R b KQkq - 0 2,83,38,7,38,0.4578313253012048,0.08433734939759036,0.4578313253012048,0.0,0.9156626506024096,1.3329433412732414,-0.2058622877491424,0.2058622877491424,0.4117245754982848,True,0.7494886948002709,0.0030558462512780384,0.002315642241541222
rnbqkbnr/ppp1p1pp/5p2/3p4/3PP3/5N2/PPP2PPP/RNBQKB1R b KQkq - 0 3,48,23,5,20,0.4791666666666667,0.10416666666666667,0.4166666666666667,0.0625,0.8919270833333334,1.3747515140233362,-0.20467274225079307,0.32967274225079307,0.5343454845015861,True,1.672144889831543,0.002769656843156554,0.004648462001185558
rn1qkbnr/ppp1p1pp/5p2/8/3P2b1/5N2/PPP2PPP/RNBQKB1R b KQkq - 0 4,21,13,2,6,0.6190476190476191,0.09523809523809523,0.2857142857142857,0.33333333333333337,0.7936507936507936,1.2677702161044204,-0.04769140288534196,0.7143580695520086,0.7620494724373506,True,0.5842373583997998,0.004361912940761873,0.002556928340005934
rn1qkbnr/ppp3pp/4pp2/8/3P2b1/3B1N2/PPP2PPP/RNBQK2R b KQkq - 1 5,12,5,2,5,0.4166666666666667,0.16666666666666666,0.4166666666666667,0.0,0.8333333333333334,1.4833557549816874,-0.5164958602538013,0.5164958602538013,1.0329917205076027,True,1.2783331473668416,0.0037429060709352293,0.0048201406071017305
rnbqkbnr/pp1pp1pp/2p2p2/8/4P3/2N2N2/PPPP1PPP/R1BQKB1R b KQkq - 0 3,12,7,2,3,0.5833333333333334,0.16666666666666666,0.25,0.33333333333333337,0.7222222222222222,1.384431504340598,-0.1474981449464679,0.8141648116131346,0.9616629565596024,True,,0.0024981058668345213,
rnbqkb1r/pp1p2pp/2p1pp1n/8/3P2P1/2N2N2/PPP1PP1P/R1BQKB1R w KQkq - 0 5,113,64,12,37,0.5663716814159292,0.10619469026548672,0.3274336283185841,0.23893805309734512,0.8367139165165636,1.3354946744777982,0.07028377365726673,0.4075923325374235,0.33730855888015676,False,,0.010890756469978167,
rnbqkb1r/pp1p2pp/2p1p2n/5p2/3PP1P1/2N2N2/PPP2P1P/R1BQKB1R w KQkq - 0 6,53,29,5,19,0.5471698113207547,0.09433962264150944,0.3584905660377358,0.18867924528301888,0.870060519757921,1.327888151005378,-0.06244282749636609,0.43980131806240386,0.50224414555877,True,0.9004105971409724,0.007248192472067082,0.0065094645069321885
rnbqk2r/pp1p2pp/2pbp2n/5pN1/3PP1P1/2N5/PPP2P1P/R1BQKB1R w KQkq - 2 7,35,20,4,11,0.5714285714285714,0.11428571428571428,0.3142857142857143,0.2571428571428571,0.8195918367346938,1.3437884540090375,-0.042782290213869145,0.5570680044995834,0.5998502947134525,True,0.9330712755521139,0.009547060222498007,0.008900016223424678
r1bqk2r/pp1p2pp/n1pbp2n/4PpN1/3P2P1/2N5/PPP2P1P/R1BQKB1R w KQkq - 1 8,34,20,4,10,0.5882352941176471,0.11764705882352941,0.29411764705882354,0.29411764705882354,0.7958477508650519,1.3328204045850196,-0.0057458690756561626,0.5939811631933032,0.5997270322689594,True,0.9394135308265686,0.007208556854440009,0.006770325927990813
r1bqk2r/pp1p2pp/2pbp2n/1N2PpN1/1n1P2P1/8/PPP2P1P/R1BQKB1R w KQkq - 3 9,30,17,3,10,0.5666666666666667,0.1,0.3333333333333333,0.23333333333333334,0.8455555555555555,1.3248560371987566,-0.09571412257922496,0.5623807892458916,0.6580949118251166,True,0.06049744039773941,0.008145166405787071,0.0004841553845130626
r1bq1k1r/ppNp2pp/2pbp2n/4PpN1/1n1P2P1/8/PPP2P1P/R1BQKB1R w KQ - 5 10,30,17,3,10,0.5666666666666667,0.1,0.3333333333333333,0.23333333333333334,0.8455555555555555,1.3248560371987566,-0.09571412257922496,0.5623807892458916,0.6580949118251166,True,0.43537012736002606,0.0066018234627942245,0.00287322977497683
r1bq1k1r/ppNp2pp/2pbp2n/4PpN1/3P2PP/8/PP3P2/R3KB1R w KQ - 0 11,31,18,3,10,0.5806451612903226,0.0967741935483871,0.3225806451612903,0.2580645161290323,0.8366285119667014,1.307976359515949,-0.0639189525379108,0.5800479847959754,0.6439669373338862,True,0.12087142840027809,0.00539037432040899,0.0006520202561013106
r1bq1k2/ppNp2p1/2p1p3/4Pp2/1b1P2PP/8/PP3P2/R3KB1R w KQ - 1 12,31,18,3,10,0.5806451612903226,0.0967741935483871,0.3225806451612903,0.2580645161290323,0.8366285119667014,1.307976359515949,-0.0639189525379108,0.5800479847959754,0.6439669373338862,True,,0.008079789188360014,
r1bq1k2/ppNp2p1/2p1p3/4P3/1b1P3P/8/PP3P2/R2K1B1R w - - 0 13,23,11,3,9,0.4782608695652174,0.13043478260869565,0.391304347826087,0.08695652173913043,0.8620037807183366,1.4219115073546411,-0.29247967481708836,0.46639271829534923,0.7588723931124376,True,,0.006873736117521058,
r1bq1k2/ppNp4/2p1p3/4P1p1/1b1P1P1P/8/PP6/R2K1B1R w - - 0 14,14,6,1,7,0.42857142857142855,0.07142857142857142,0.5,-0.07142857142857145,0.9234693877551021,1.2958363892911637,-0.5748078394925547,0.4319506966354117,1.0067585361279663,True,,0.006226902262174657,
rnbqkbnr/pppp2pp/4pp2/8/8/2N2N2/PPPPPPPP/R1BQKB1R w KQkq - 0 3,41,22,10,9,0.5365853658536586,0.24390243902439024,0.21951219512195122,0.3170731707317074,0.6555621653777512,1.4586226979869865,0.06923790568145399,0.5649084357819607,0.4956705301005067,False,,0.004422078965368067,
rnbqk1nr/pppp2pp/4pp2/1N6/1b6/5N2/PPPPPPPP/R1BQKB1R w KQkq - 2 4,40,21,10,9,0.525,0.25,0.225,0.30000000000000004,0.6599999999999999,1.4722462988821525,0.04823806772775785,0.5517619322722422,0.5035238645444844,False,,0.005406134144868702,
rnbqk1nr/pp1p2pp/2p1pp2/1N6/1b6/2P2N2/PP1PPPPP/R1BQKB1R w KQkq - 0 5,37,20,9,8,0.5405405405405406,0.24324324324324326,0.21621621621621623,0.32432432432432434,0.6515704894083273,1.4535645302038671,0.06423176263835884,0.5844168860102898,0.520185123371931,False,,0.007098871169964204,
rnbq1knr/ppNp2pp/2p1pp2/8/1b6/2P2N2/PP1PPPPP/R1BQKB1R w KQ - 2 6,37,20,9,8,0.5405405405405406,0.24324324324324326,0.21621621621621623,0.32432432432432434,0.6515704894083273,1.4535645302038671,0.06423176263835884,0.5844168860102898,0.520185123371931,False,,0.007512276350344355,
rnbqkbnr/ppp1p1pp/5p2/3p2N1/8/4P3/PPPP1PPP/RNBQKB1R b KQkq - 1 3,551,277,69,205,0.5027223230490018,0.12522686025408347,0.3720508166969147,0.13067150635208707,0.8576980971735929,1.404841016897954,0.053343018999590874,0.20799999370458327,0.1546569747049924,False,0.21511508207078334,0.003328814358448782,0.0007088112007398255
rnbqkbnr/ppp1p1pp/8/3p3Q/8/4P3/PPPP1PPP/RNB1KB1R b KQkq - 1 4,546,277,69,200,0.5073260073260073,0.12637362637362637,0.3663003663003663,0.14102564102564102,0.8537381421996807,1.4045410136886,0.06352342651260359,0.21852785553867846,0.15500442902607486,False,,0.005133081248862457,
rnbqkbnr/ppp1p2p/6p1/3pQ3/8/4P3/PPPP1PPP/RNB1KB1R b KQkq - 1 5,546,277,69,200,0.5073260073260073,0.12637362637362637,0.3663003663003663,0.14102564102564102,0.8537381421996807,1.4045410136886,0.06352342651260359,0.21852785553867846,0.15500442902607486,False,0.11801701784133911,0.005625732468215973,0.0007129094954056725
rn1qkbnr/ppp1p2p/4b1p1/3pQ3/8/2N1P3/PPPP1PPP/R1B1KB1R b KQkq - 3 6,38,14,6,18,0.3684210526315789,0.15789473684210525,0.47368421052631576,-0.10526315789473684,0.8310249307479224,1.4618381992568745,-0.39510649354705324,0.18458017775757957,0.5796866713046328,True,,0.002920429271302725,
rn1qkbnr/p1p1p2p/4b1p1/3pQ3/8/2N1P3/PPPP1PPP/R1B1K2R b KQkq - 0 7,25,7,5,13,0.28,0.2,0.52,-0.24,0.7424000000000001,1.469182539187755,-0.5777513303294789,0.09775133032947891,0.6755026606589578,True,,0.0035660131461918354,
r2qkbnr/p1p1p2p/n3b1p1/1N1pQ3/8/4P3/PPPP1PPP/R1B1K2R b KQkq - 2 8,10,2,4,4,0.2,0.4,0.4,-0.2,0.56,1.5219280948873621,-0.6638121321816313,0.2638121321816313,0.9276242643632626,True,,0.002604440227150917,
rnbqkbnr/pppppppp/8/8/8/4P3/PPPP1PPP/RNBQKBNR b KQkq - 0 1,43,18,8,17,0.4186046511627907,0.18604651162790697,0.3953488372093023,0.023255813953488413,0.8134126554894537,1.5066015377900657,-0.24631280009729517,0.292824428004272,0.5391372281015672,True,0.5940841796786286,0.0036149148580206687,0.0021510316551497043
rnbqkbnr/pppp1ppp/4p3/8/8/4PN2/PPPP1PPP/RNBQKB1R b KQkq - 1 2,26,11,5,10,0.4230769230769231,0.19230769230769232,0.38461538461538464,0.038461538461538436,0.8062130177514794,1.512644747821065,-0.30667132939795316,0.38359440632103003,0.6902657357189832,True,1.2535836559075575,0.003478583306647264,0.004362051132199841
rnbqk2r/pppp2pp/4pp1n/1N6/1b6/2P1P3/PP1P1PPP/RNBQKB1R b KQkq - 2 5,13,8,1,4,0.6153846153846154,0.07692307692307693,0.3076923076923077,0.3076923076923077,0.8284023668639053,1.2389012566026305,-0.18707053987075534,0.8024551552553707,0.989525695126126,True,0.7446844279766083,0.002363894833251834,0.0017118178952419405
rnbqkbnr/pppp1ppp/4p3/8/8/4P3/PPPP1PPP/RNBQKBNR w KQkq - 0 2,26,13,2,11,0.5,0.07692307692307693,0.4230769230769231,0.07692307692307693,0.9171597633136095,1.3096910973393818,-0.291192261543154,0.44503841538930783,0.7362306769324618,True,0.8143669412686274,0.003677158079181726,0.0029910334305188946
r3kbnr/pp2p2p/4b1p1/3p4/8/4P3/PPPP1PPP/RNB1KB1R b KQkq - 0 6,465,237,60,168,0.5096774193548387,0.12903225806451613,0.36129032258064514,0.14838709677419354,0.8489490114464099,1.4074204269583395,0.06464141586049078,0.2321327776878963,0.16749136182740554,False,,0.0058742725380486055,
r3kbnr/p3p2p/4b1p1/1p1p4/8/2N1P3/PPPP1PPP/R1B1KB1R b KQkq - 1 7,281,142,37,102,0.505338078291815,0.13167259786476868,0.36298932384341637,0.14234875444839862,0.8480642342422209,1.4134254291923547,0.03467513675522742,0.2500223721415698,0.21534723538634237,False,,0.006830373682824106,
r3kb1r/p3p2p/4bnp1/1p1p4/8/2N1P2P/PPPP1PP1/R1B1KB1R b KQkq - 0 8,97,42,19,36,0.4329896907216495,0.1958762886597938,0.3711340206185567,0.061855670103092786,0.8002975874163035,1.5142916611143513,-0.11617219248978194,0.23988353269596752,0.35605572518574946,True,,0.005920578557613892,
r3kb1r/p3p2p/5np1/1p1p1b2/4N3/4P2P/PPPP1PP1/R1B1KB1R b KQkq - 2 9,94,41,19,34,0.43617021276595747,0.20212765957446807,0.3617021276595745,0.07446808510638298,0.7923268447261204,1.5190144735150723,-0.1054754919412601,0.25441166215402605,0.35988715409528615,True,0.11179306730628014,0.009529564301780563,0.001062095740320814
r3kb1r/p3p2p/5np1/1p1p4/4N1b1/4PP1P/PPPP2P1/R1B1KB1R b KQkq - 0 10,91,40,18,33,0.43956043956043955,0.1978021978021978,0.3626373626373626,0.07692307692307693,0.7962806424344886,1.5143794779977613,-0.1064182937920232,0.260264447638177,0.3666827414302002,True,0.09612725675106049,0.006257500458549667,0.0006501413629368194
r3kb1r/p3p2p/5np1/1p1p4/8/4P2P/PPPPB1P1/R1B1K2R b KQkq - 1 11,88,39,18,31,0.4431818181818182,0.20454545454545456,0.3522727272727273,0.09090909090909088,0.7871900826446281,1.5188700029147695,-0.09446394474341271,0.27628212656159445,0.37074607130500714,True,,0.00826685598903251,
2kr1b1r/p3p2p/5np1/1p1p4/8/4P2P/PPPPB1P1/R1B2RK1 b - - 3 12,23,8,7,8,0.34782608695652173,0.30434782608695654,0.34782608695652173,0.0,0.6956521739130435,1.5821930667351332,-0.3408633016591398,0.3408633016591398,0.6817266033182796,True,,0.006628492826838856,
rnbqkb1r/ppppp1pp/5p1n/8/3N4/8/PPPPPPPP/RNBQKB1R w KQkq - 2 3,110,58,12,40,0.5272727272727272,0.10909090909090909,0.36363636363636365,0.16363636363636358,0.8641322314049587,1.3662726996924093,-0.010080448303923434,0.33735317557665057,0.34743362388057397,True,,0.006098546003076163,
rnbqkb1r/ppppp1pp/5p2/8/8/8/PPPPPPPP/RNBQKB1R w KQkq - 0 4,103,55,11,37,0.5339805825242718,0.10679611650485436,0.3592233009708738,0.17475728155339804,0.8626637760392121,1.358555803133338,-0.0046129049422588275,0.3541274680490549,0.3587403729913138,True,,0.0033279357735718626,
rn1qkbnr/p1p1p2p/4b1p1/1p1pQ3/8/2N1P3/PPPP1PPP/R1B1KB1R w KQkq - 0 7,53,38,4,11,0.7169811320754716,0.07547169811320754,0.20754716981132076,0.5094339622641508,0.6650053399786402,1.0963168070940195,0.28988938093727484,0.7289785435910268,0.4390891626537519,False,0.9815030938539749,0.010720790346276085,0.01052793752010794
rn1qkb1r/p1p1p2p/4bnp1/3pQ3/8/2N1P3/PPPP1PPP/R1B1K2R w KQkq - 1 8,26,19,2,5,0.7307692307692307,0.07692307692307693,0.19230769230769232,0.5384615384615384,0.6331360946745561,1.07273728622321,0.2326105041083747,0.8443125728147022,0.6117020687063275,False,1.270307406783104,0.010119230378992282,0.012979934222030184
r2qkb1r/p1p1p2p/n3bnp1/1N1pQ3/8/4P3/PPPP1PPP/R1B1K2R w KQkq - 3 9,15,7,2,6,0.4666666666666667,0.13333333333333333,0.4,0.06666666666666665,0.8622222222222222,1.4294732983598406,-0.40324049870071,0.5365738320340433,0.9398143307347533,True,0.3784940342108409,0.008830010456343492,0.0033201473204624854
r3kb1r/p3p2p/4bnp1/1p1p4/8/1PN1P3/P1PP1PPP/R1B1KB1R b KQkq - 0 8,28,18,1,9,0.6428571428571429,0.03571428571428571,0.32142857142857145,0.32142857142857145,0.8609693877551021,1.107784384952517,-0.022258290250333768,0.6651154331074767,0.6873737233578104,True,,0.007048295428311186,
rnbqkbnr/pp1p2pp/2p1pp2/8/8/2N1PN2/PPPP1PPP/R1BQKB1R w KQkq - 0 4,151,88,19,44,0.5827814569536424,0.12582781456953643,0.2913907284768212,0.2913907284768212,0.7892636287882111,1.3486325776326857,0.14969046351421184,0.4330909934394305,0.2834005299252187,False,1.5410331586996715,0.007216759078476011,0.011088140672348664
rnbqkbnr/pp1p3p/2p1ppp1/8/8/2NBPN2/PPPP1PPP/R1BQK2R w KQkq - 0 5,52,30,9,13,0.5769230769230769,0.17307692307692307,0.25,0.32692307692307687,0.7200443786982248,1.3957905024281967,0.09628763240904947,0.5575585214371043,0.4612708890280548,False,1.1715147097905476,0.011192944706775822,0.013062066135037206
rnbqkbnr/pp1p3p/2p1p1p1/8/8/2NBP3/PPPP1PPP/R1BQK2R w KQkq - 0 6,19,12,4,3,0.631578947368421,0.21052631578947367,0.15789473684210525,0.47368421052631576,0.5650969529085873,1.312430802347936,0.13567170108028442,0.811696719972347,0.6760250188920627,False,,0.012777868413219326,
rnbqkb1r/pp1p3p/2p1pnp1/8/8/2NBPQ2/PPPP1PPP/R1B1K2R w KQkq - 2 7,11,7,2,2,0.6363636363636364,0.18181818181818182,0.18181818181818182,0.45454545454545453,0.6115702479338843,1.3092966682370037,-0.0075959959965464785,0.9166869050874555,0.924282901084002,True,0.06075337901711464,0.010804836130277677,0.0006544355445887414
rnb1kb1r/pp1p3p/2p1pq2/8/8/2N1PQ2/PPPP1PPP/R1B1K2R w KQkq - 1 8,11,7,2,2,0.6363636363636364,0.18181818181818182,0.18181818181818182,0.45454545454545453,0.6115702479338843,1.3092966682370037,-0.0075959959965464785,0.9166869050874555,0.924282901084002,True,,0.010128488679501143,
rnbqkbnr/pppp1ppp/8/4p3/8/5N2/PPPPPPPP/RNBQKB1R w KQkq - 0 2,71,33,10,28,0.4647887323943662,0.14084507042253522,0.39436619718309857,0.07042253521126762,0.8541955961118826,1.4414340954861538,-0.1445572282412807,0.28540229866381595,0.42995952690509665,True,1.3791123365951796,0.005452536013711926,0.007508949138154386
rnbqkbnr/pppp2pp/8/4pp2/4P3/5N2/PPPP1PPP/RNBQKB1R w KQkq - 0 3,11,5,1,5,0.45454545454545453,0.09090909090909091,0.45454545454545453,0.0,0.9090909090909091,1.3485878960124222,-0.5634500293677832,0.5634500293677832,1.1269000587355664,True,0.7869278788566589,0.006423935336484151,0.005138180839531155
r3kb1r/p3p2p/4bnp1/1p1p4/8/2N1P3/PPPP1PPP/R1B1KB1R w KQkq - 2 8,322,174,46,102,0.5403726708074534,0.14285714285714285,0.3167701863354037,0.22360248447204972,0.807144786080784,1.4062479242717787,0.12547382228905696,0.3217311466550425,0.19625732436598553,False,,0.008230800827190002,
rn1qkbnr/ppp1p2p/4b1p1/1B1pQ3/8/4P3/PPPP1PPP/RNB1K2R b KQkq - 3 6,29,18,3,8,0.6206896551724138,0.10344827586206896,0.27586206896551724,0.3448275862068966,0.7776456599286563,1.2782038389853276,0.023875673399480324,0.6657794990143129,0.6419038256148326,False,,0.003910528391535426,
rn1qkbnr/ppQ1p2p/2p1b1p1/1B1p4/8/4P3/PPPP1PPP/RNB1K2R b KQkq - 1 7,29,18,3,8,0.6206896551724138,0.10344827586206896,0.27586206896551724,0.3448275862068966,0.7776456599286563,1.2782038389853276,0.023875673399480324,0.6657794990143129,0.6419038256148326,False,,0.008739292204123119,
r3kbnr/pp2p2p/2p1b1p1/1B1p4/8/2N1P3/PPPP1PPP/R1B1K2R b KQkq - 1 8,22,16,1,5,0.7272727272727273,0.045454545454545456,0.22727272727272727,0.5,0.7045454545454546,1.0226297788901695,0.14925518529436477,0.8507448147056352,0.7014896294112705,False,,0.0038131974976171146,
rnbqkbnr/pppp2pp/4p3/5p1Q/3N4/4P3/PPPP1PPP/RNB1KB1R b KQkq - 1 4,124,58,13,53,0.46774193548387094,0.10483870967741936,0.4274193548387097,0.040322580645161255,0.893535379812695,1.3779995511523353,-0.1260543564968964,0.2066995177872189,0.3327538742841153,True,,0.004287461100536729,
rnbqkbnr/pppp3p/4p1p1/5pQ1/3N4/4P3/PPPP1PPP/RNB1KB1R b KQkq - 1 5,70,34,6,30,0.4857142857142857,0.08571428571428572,0.42857142857142855,0.05714285714285716,0.9110204081632652,1.3337083101579088,-0.16645267637920638,0.2807383906649207,0.44719106704412703,True,0.2446653495232264,0.004528445334705923,0.0011846748309542767
rnb1kbnr/pppp3p/4p1p1/1N3p2/8/4P3/PPPP1PPP/RNB1KB1R b KQkq - 1 6,101,44,13,44,0.43564356435643564,0.12871287128712872,0.43564356435643564,0.0,0.8712871287128713,1.4251847621981675,-0.18204051409451474,0.18204051409451474,0.3640810281890295,True,0.4664264917373657,0.004742378350531701,0.0023679918089276053
rnb1kb1r/pppp3p/4pnp1/1N3p2/8/4PP2/PPPP2PP/RNB1KB1R b KQkq - 0 7,93,41,8,44,0.44086021505376344,0.08602150537634409,0.4731182795698925,-0.03225806451612906,0.9129379118973292,1.336205871222198,-0.22644823276675155,0.16193210373449343,0.388380336501245,True,1.4138661159409418,0.003497438945917673,0.004824571884511557
rnb1kb1r/pppp3p/4p1p1/1N3p2/8/4P3/PPPP2PP/RNB1KB1R b KQkq - 0 8,30,14,1,15,0.4666666666666667,0.03333333333333333,0.5,-0.033333333333333326,0.9655555555555556,1.1766796675107107,-0.3849553797486619,0.31828871308199524,0.7032440928306571,True,,0.003958388899142544,
rnbqNknr/pp1p3p/2p1ppp1/8/1b6/2P2N2/PP1PPPPP/R1BQKB1R w KQ - 0 7,21,10,5,6,0.47619047619047616,0.23809523809523808,0.2857142857142857,0.19047619047619047,0.7256235827664399,1.5190461643198376,-0.17385314199793073,0.5548055229503117,0.7286586649482425,True,,0.008091303475555919,
rnbqkbnr/pppp1ppp/8/4p1N1/8/8/PPPPPPPP/RNBQKB1R b KQkq - 1 2,11,5,1,5,0.45454545454545453,0.09090909090909091,0.45454545454545453,0.0,0.9090909090909091,1.3485878960124222,-0.5634500293677832,0.5634500293677832,1.1269000587355664,True,0.15061421692371368,0.00289119138721038,0.00044230743602323083
rnbqkbnr/pppp2pp/8/4ppN1/3P4/8/PPP1PPPP/RNBQKB1R b KQkq - 0 3,11,5,1,5,0.45454545454545453,0.09090909090909091,0.45454545454545453,0.0,0.9090909090909091,1.3485878960124222,-0.5634500293677832,0.5634500293677832,1.1269000587355664,True,1.5318573117256165,0.0017411897107112136,0.00258802475351462
rnbqkbnr/pppp2pp/4pp2/8/8/4PN2/PPPP1PPP/RNBQKB1R w KQkq - 0 3,227,137,21,69,0.6035242290748899,0.09251101321585903,0.3039647577092511,0.2995594713656388,0.81775310989928,1.2796002548607839,0.18192184183402252,0.41719710089725515,0.23527525906323263,False,0.9266189049030172,0.004153715011700659,0.003862691732459582
rnbqkbnr/pp1p2pp/2p1pp2/8/3N4/4P3/PPPP1PPP/RNBQKB1R w KQkq - 0 4,25,14,8,3,0.56,0.32,0.12,0.44000000000000006,0.4864,1.3615419333359275,0.16661488186913892,0.7133851181308613,0.5467702362617224,False,0.1299032086835188,0.004503195248544216,0.0005868898447054455
rnbqkbnr/pppp2pp/4pp2/1N6/8/5N2/PPPPPPPP/R1BQKB1R b KQkq - 1 3,45,22,7,16,0.4888888888888889,0.15555555555555556,0.35555555555555557,0.1333333333333333,0.8266666666666667,1.4527646504535907,-0.13231497044193508,0.3989816371086017,0.5312966075505368,True,,0.0026940034391979375,
rnbqk1nr/pppp2pp/4pp2/1N6/1b6/2P2N2/PP1PPPPP/R1BQKB1R b KQkq - 0 4,42,19,7,16,0.4523809523809524,0.16666666666666666,0.38095238095238093,0.07142857142857145,0.8282312925170068,1.4789339177827756,-0.20380364239988497,0.34666078525702787,0.5504644276569128,True,0.2784675146852221,0.0036995677122225365,0.0010518862754070601
rnbqk1nr/ppNp2pp/2p1pp2/8/1b6/2P2N2/PP1PPPPP/R1BQKB1R b KQkq - 1 5,40,17,7,16,0.425,0.175,0.4,0.024999999999999967,0.824375,1.4934692759958874,-0.2563717565477086,0.30637175654770854,0.5627435130954171,True,,0.006941229535732419,
rnbqkbnr/pp1pp1pp/2p2p2/8/8/2N1PN2/PPPP1PPP/R1BQKB1R b KQkq - 0 3,77,46,5,26,0.5974025974025974,0.06493506493506493,0.33766233766233766,0.2597402597402597,0.8675999325349975,1.2290602663477872,0.051692768481428564,0.46778775099909087,0.4160949825176623,False,,0.0025892701731728657,
rnbqkbnr/pp1p2pp/2p1pp2/1N6/8/4PN2/PPPP1PPP/R1BQKB1R b KQkq - 1 4,15,7,0,8,0.4666666666666667,0.0,0.5333333333333333,-0.06666666666666665,0.9955555555555555,0.9967916319816366,-0.5716013601588007,0.4382680268254674,1.009869386984268,True,,0.003387013931448261,
rnb1kb1r/pppp3p/4pnp1/1N3p2/8/3BP3/PPPP1PPP/RNB1K2R b KQkq - 3 7,22,13,2,7,0.5909090909090909,0.09090909090909091,0.3181818181818182,0.27272727272727276,0.834710743801653,1.288649764535596,-0.10904532435977793,0.6544998698143234,0.7635451941741014,True,1.1787140369415283,0.003896660573611205,0.005077284470037524
rnb1k2r/pppp3p/4pnp1/1N3p2/1b6/2PBP3/PP1P1PPP/RNB1K2R b KQkq - 0 8,21,14,1,6,0.6666666666666666,0.047619047619047616,0.2857142857142857,0.38095238095238093,0.8072562358276644,1.115520093581932,-0.0033244034523052246,0.7652291653570671,0.7685535688093723,True,1.3521386782328289,0.004362393148420822,0.00614529510023452
rnbqkbnr/pppppppp/8/8/8/7N/PPPPPPPP/RNBQKB1R b KQkq - 1 1,54,30,4,20,0.5555555555555556,0.07407407407407407,0.37037037037037035,0.18518518518518523,0.8916323731138546,1.2799749139041574,-0.06666607325896268,0.43703644362933314,0.5037025168882958,True,1.3792154237076089,0.0016034977872752482,0.002218109803790888
r3kb1r/p3p2p/4b1p1/1p1p4/6n1/1PN1P3/P1PP1PPP/R1B1KB1R w KQkq - 1 9,32,16,3,13,0.5,0.09375,0.40625,0.09375,0.8974609375,1.3481061300625727,-0.23448196992503423,0.42198196992503423,0.6564639398500685,True,,0.007461351502570324,
rnbqkbnr/ppp1p1pp/5p2/3p4/8/2N2N2/PPPPPPPP/R1BQKB1R w KQkq - 0 3,16,6,1,9,0.375,0.0625,0.5625,-0.1875,0.90234375,1.2475562489182659,-0.6529511492718458,0.2779511492718459,0.9309022985436917,True,,0.007077446527546272,
rnbqkb1r/ppp1p1pp/5p1n/1N1p4/8/5N2/PPPPPPPP/R1BQKB1R w KQkq - 2 4,11,4,1,6,0.36363636363636365,0.09090909090909091,0.5454545454545454,-0.18181818181818177,0.8760330578512396,1.3221793455166666,-0.7349288001563131,0.3712924365199496,1.1062212366762627,True,,0.01095135509967804,
rn1qkb1r/ppp1p1pp/5p1n/1N1p4/8/8/PPPPPP1P/R1BQKB1R w KQkq - 0 5,11,5,1,5,0.45454545454545453,0.09090909090909091,0.45454545454545453,0.0,0.9090909090909091,1.3485878960124222,-0.5634500293677832,0.5634500293677832,1.1269000587355664,True,,0.010898339985446497,
rn1qkb1r/ppp1p1pp/5p2/1N1p4/6n1/7B/PPPPPP1P/R1BQK2R w KQkq - 2 6,11,5,1,5,0.45454545454545453,0.09090909090909091,0.45454545454545453,0.0,0.9090909090909091,1.3485878960124222,-0.5634500293677832,0.5634500293677832,1.1269000587355664,True,,0.005881175017831,
r2qkb1r/ppp1p1pp/n4p2/1N1p4/8/8/PPPPPP1P/R1BQK2R w KQkq - 1 7,11,5,1,5,0.45454545454545453,0.09090909090909091,0.45454545454545453,0.0,0.9090909090909091,1.3485878960124222,-0.5634500293677832,0.5634500293677832,1.1269000587355664,True,,0.012020465748553926,
r3kb1r/p3p2p/4bnp1/3p4/8/2N1P3/PPPP1PPP/R1B1K2R b KQkq - 0 8,10,6,1,3,0.6,0.1,0.3,0.3,0.8099999999999999,1.295461844238322,-0.2578155290741054,0.8578155290741054,1.1156310581482107,True,,0.0051262026187032465,
rnbqkbnr/pp2p1pp/2p2p2/3p4/3P4/2N2N2/PPP1PPPP/R1BQKB1R w KQkq - 0 4,14,8,2,4,0.5714285714285714,0.14285714285714285,0.2857142857142857,0.2857142857142857,0.7755102040816326,1.3787834934861753,-0.17557974153078687,0.7470083129593583,0.9225880544901452,True,,0.008993801926927907,
rnbqk1nr/pppp2pp/4pp2/8/1b1N4/4P3/PPPP1PPP/RNBQKB1R w KQkq - 2 4,44,27,2,15,0.6136363636363636,0.045454545454545456,0.3409090909090909,0.27272727272727276,0.8801652892561984,1.164310675624992,-0.004479522171820072,0.5499340676263655,0.5544135897981857,True,0.2495037872682918,0.0043263370594517755,0.001074928435821385
rnbqkbnr/pppp3p/4ppp1/1N6/8/4P3/PPPP1PPP/RNBQKB1R b KQkq - 1 4,14,9,0,5,0.6428571428571429,0.0,0.35714285714285715,0.28571428571428575,0.9183673469387755,0.9402859586706311,-0.2162725059115655,0.787701077340137,1.0039735832517025,True,,0.00457420659118465,
rnbqk1nr/pppp3p/4ppp1/1N6/1b6/2P1P3/PP1P1PPP/RNBQKB1R b KQkq - 0 5,14,9,0,5,0.6428571428571429,0.0,0.35714285714285715,0.28571428571428575,0.9183673469387755,0.9402859586706311,-0.2162725059115655,0.787701077340137,1.0039735832517025,True,,0.004938516266910093,
rnbqk1nr/ppNp3p/2p1ppp1/8/1b6/2P1P3/PP1P1PPP/RNBQKB1R b KQkq - 1 6,24,16,0,8,0.6666666666666666,0.0,0.3333333333333333,0.3333333333333333,0.8888888888888888,0.9182958340544896,-0.043861911358723915,0.7105285780253905,0.7543904893841145,True,,0.009228815557435155,
rnbq1knr/ppNp3p/2p1ppp1/8/1b1P4/2P1P3/PP3PPP/RNBQKB1R b KQ - 0 7,23,16,0,7,0.6956521739130435,0.0,0.30434782608695654,0.3913043478260869,0.8468809073724008,0.8865408928220899,0.015211266626466768,0.7673974290257071,0.7521861623992403,False,1.556389570236206,0.004996061304827099,0.008119793686354515
rnbq1knr/ppN4p/2p1ppp1/3p4/1b1PP3/2P5/PP3PPP/RNBQKB1R b KQ - 0 8,11,8,0,3,0.7272727272727273,0.0,0.2727272727272727,0.4545454545454546,0.7933884297520661,0.8453509366224364,-0.07182884899526343,0.9809197580861726,1.052748607081436,True,,0.0045944727872583,
rnbqkb1r/ppppp1pp/5p2/8/8/2N1P3/PPPP1P1P/R1BQKB1R b KQkq - 0 4,18,13,0,5,0.7222222222222222,0.0,0.2777777777777778,0.4444444444444444,0.8024691358024691,0.8524051786494786,0.030610598286674673,0.8582782906022142,0.8276676923155395,False,,0.0027101878594193193,
r3kbnr/p3p2p/4b1p1/1p1p4/8/1P2P3/P1PP1PPP/RNB1KB1R b KQkq - 0 7,175,91,22,62,0.52,0.12571428571428572,0.35428571428571426,0.16571428571428576,0.8468244897959184,1.3970569454775394,0.029373506657722953,0.30205506477084854,0.27268155811312556,False,,0.008025859304304633,
r3kb1r/p3p2p/4bnp1/1p1p4/8/BP2P3/P1PP1PPP/RN2KB1R b KQkq - 2 8,159,83,19,57,0.5220125786163522,0.11949685534591195,0.3584905660377358,0.16352201257861637,0.853763696056327,1.3863821605383606,0.01990087222664741,0.30714315293058536,0.287242280703938,False,,0.00518068508684354,
r3kb1r/p3p2p/4bnp1/1B1p4/1p6/BP2P3/P1PP1PPP/RN2K2R b KQkq - 1 9,159,83,19,57,0.5220125786163522,0.11949685534591195,0.3584905660377358,0.16352201257861637,0.853763696056327,1.3863821605383606,0.01990087222664741,0.30714315293058536,0.287242280703938,False,,0.0071389033494271194,
r2k1b1r/p3p2p/4bnp1/1B1p4/1p6/BP2PP2/P1PP2PP/RN2K2R b KQ - 0 10,158,82,19,57,0.5189873417721519,0.12025316455696203,0.36075949367088606,0.15822784810126583,0.8547107835282808,1.3891945586739305,0.01407303771407667,0.302382658488455,0.2883096207743784,False,,0.0072760480703620975,
r2k1b1r/p3p2p/4b1p1/1B1p4/1p2n3/BP2PP2/P1PP2PP/RN3RK1 b - - 2 11,154,79,19,56,0.512987012987013,0.12337662337662338,0.36363636363636365,0.14935064935064934,0.8543177601619161,1.3971685050024008,0.0033692749950011702,0.2953320237062975,0.29196274871129635,False,,0.004155119932438066,
r2k1b1r/p3p2p/4b1p1/1B1p4/1p6/BP2PP1P/P1PP1nP1/RN3RK1 b - - 0 12,143,74,18,51,0.5174825174825175,0.1258741258741259,0.35664335664335667,0.16083916083916083,0.8482566384664287,1.398669298155661,0.009885480497356214,0.31179284118096545,0.30190736068360924,False,,0.0073355147191746664,
rnbqkbnr/pppp2pp/4p3/5p2/3N4/4P3/PPPP1PPP/RNBQKB1R w KQkq - 0 4,129,78,8,43,0.6046511627906976,0.06201550387596899,0.3333333333333333,0.2713178294573643,0.8643711315425755,1.2159500653190247,0.11088126159606565,0.431754397318663,0.32087313572259735,False,0.8371411981907758,0.003557185988959878,0.0029768798965519707
rnbqkbnr/pppp3p/4p1p1/5p1Q/3N4/4P3/PPPP1PPP/RNB1KB1R w KQkq - 0 5,45,29,1,15,0.6444444444444445,0.022222222222222223,0.3333333333333333,0.31111111111111117,0.8809876543209877,1.0588573676001776,0.03687367158859384,0.5853485506336285,0.5484748790450347,False,1.1035170826044949,0.0056152426223788,0.006190677990046298
rnb1kbnr/pppp3p/4p1p1/5p2/3N4/4P3/PPPP1PPP/RNB1KB1R w KQkq - 0 6,25,16,0,9,0.64,0.0,0.36,0.28,0.9216,0.9426831892554922,-0.09631308503169034,0.6563130850316904,0.7526261700633807,True,,0.006023510955274105,
rnb1kb1r/pppp3p/4pnp1/1N3p2/8/4P3/PPPP1PPP/RNB1KB1R w KQkq - 2 7,22,14,0,8,0.6363636363636364,0.0,0.36363636363636365,0.2727272727272727,0.9256198347107438,0.9456603046006401,-0.129297742248561,0.6747522877031065,0.8040500299516675,True,,0.007022546456110748,
rnb1kb1r/1ppp3p/p3pnp1/1N3p2/8/4PP2/PPPP2PP/RNB1KB1R w KQkq - 0 8,13,8,1,4,0.6153846153846154,0.07692307692307693,0.3076923076923077,0.3076923076923077,0.8284023668639053,1.2389012566026305,-0.18707053987075534,0.8024551552553707,0.989525695126126,True,,0.006546114965413625,
rnbqkb1r/pp1pp1pp/5p2/8/4P3/8/PPPP1P1P/R1BQKB1R w KQkq - 0 6,36,33,0,3,0.9166666666666666,0.0,0.08333333333333333,0.8333333333333333,0.3055555555555557,0.41381685030363374,0.6527648572408529,1.0139018094258136,0.3611369521849608,False,,0.01587470054316024,
rnbqkb1r/pp1pp2p/5pp1/7Q/4P3/8/PPPP1P1P/R1B1KB1R w KQkq - 0 7,36,33,0,3,0.9166666666666666,0.0,0.08333333333333333,0.8333333333333333,0.3055555555555557,0.41381685030363374,0.6527648572408529,1.0139018094258136,0.3611369521849608,False,0.5707512412752423,0.01596534826482336,0.009191944663949712
rnbqkb1r/pp1p3p/4ppp1/3Q4/4P3/8/PPPP1P1P/R1B1KB1R w KQkq - 0 8,28,28,0,0,1.0,0.0,0.0,1.0,0.0,-0.0,1.0,1.0,0.0,False,0.22813244028524918,0.021745952910610607,0.0049240069284446205
r3kb1r/p3p2p/4bnp1/1p1p4/8/2N1PP2/PPPP2PP/R1B1KB1R b KQkq - 0 8,86,42,11,33,0.4883720930232558,0.12790697674418605,0.38372093023255816,0.10465116279069764,0.8611411573823688,1.4146823651608518,-0.09147522902967833,0.3007775546110736,0.3922527836407519,True,,0.0036798631474592313,
r3kb1r/p3p2p/4b1p1/1p1p4/6n1/2N1PP1P/PPPP2P1/R1B1KB1R b KQkq - 0 9,30,13,2,15,0.43333333333333335,0.06666666666666667,0.5,-0.06666666666666665,0.9288888888888889,1.2832547532764527,-0.4115477290474526,0.2782143957141193,0.689762124761572,True,,0.0052057686106612286,
r3kb1r/p3p2p/4b1p1/3p4/8/2N1PP1P/PPPP2Pn/R1B1K2R b KQkq - 0 10,23,11,2,10,0.4782608695652174,0.08695652173913043,0.43478260869565216,0.043478260869565244,0.9111531190926276,1.337778097192496,-0.3466252474871684,0.4335817692262989,0.7802070167134673,True,,0.007813681544655043,
rn1qkbnr/ppp1p1pp/5p2/3p2N1/6b1/4P3/PPPP1PPP/RNBQKB1R w KQkq - 2 4,15,8,1,6,0.5333333333333333,0.06666666666666667,0.4,0.1333333333333333,0.9155555555555556,1.272905595320056,-0.3508889960928921,0.6175556627595586,0.9684446588524507,True,0.3788817822933197,0.003541525142888228,0.0013087437473325834
rn1qkbnr/ppp1p1pp/8/3p4/8/4PP2/PPPP2PP/RNBQKB1R w KQkq - 0 5,11,6,1,4,0.5454545454545454,0.09090909090909091,0.36363636363636365,0.18181818181818177,0.8760330578512396,1.3221793455166666,-0.3712924365199496,0.7349288001563131,1.1062212366762627,True,,0.008540558882734993,
rnb1kbnr/pppp2pp/4p3/1N3p2/7q/4P3/PPPP1PPP/RNBQKB1R w KQkq - 2 5,82,47,7,28,0.573170731707317,0.08536585365853659,0.34146341463414637,0.23170731707317066,0.8609458655562165,1.2926361716807042,0.030877086336316972,0.43253754781002435,0.4016604614737074,False,,0.003339226016911065,
rnb1kbnr/pppp2pp/4p3/1N3p2/2q5/4P1P1/PPPP1P1P/RNBQKB1R w KQkq - 1 6,82,47,7,28,0.573170731707317,0.08536585365853659,0.34146341463414637,0.23170731707317066,0.8609458655562165,1.2926361716807042,0.030877086336316972,0.43253754781002435,0.4016604614737074,False,,0.0034844310891746382,
rnb1kb1r/pppp2pp/4pn2/5p2/8/4P1P1/PPPP1P1P/RNBQK2R w KQkq - 1 7,67,36,5,26,0.5373134328358209,0.07462686567164178,0.3880597014925373,0.14925373134328357,0.9030964580084652,1.2908895904871986,-0.07829675033004707,0.3768042130166142,0.4551009633466613,True,,0.005630320084017159,
r1b1kb1r/pppp2pp/2n1pn2/5p2/8/4PPP1/PPPP3P/RNBQK2R w KQkq - 1 8,24,9,4,11,0.375,0.16666666666666666,0.4583333333333333,-0.08333333333333331,0.8263888888888888,1.4773344666381945,-0.4470261344802307,0.2803594678135641,0.7273856022937948,True,,0.004957315880650033,
r3kb1r/p3p2p/4b1p1/1p1p4/6n1/2N1PP2/PPPP2PP/R1B1KB1R w KQkq - 1 9,40,27,5,8,0.675,0.125,0.2,0.47500000000000003,0.649375,1.2221380190661009,0.2252727827364302,0.7247272172635699,0.4994544345271397,False,,0.008473788574337959,
r3kb1r/p3p2p/4b1p1/1p1p4/8/2N1PP1P/PPPP2Pn/R1B1KB1R w KQkq - 1 10,13,7,4,2,0.5384615384615384,0.3076923076923077,0.15384615384615385,0.3846153846153846,0.5443786982248521,1.419556298571613,-0.016460893579045233,0.7856916628098144,0.8021525563888596,True,,0.007147773957023254,
rnbqkbnr/pp1pp1pp/5p2/8/8/5N2/PPPPPPPP/R1BQKB1R w KQkq - 0 4,61,31,6,24,0.5081967213114754,0.09836065573770492,0.39344262295081966,0.11475409836065575,0.888470841171728,1.3548527368476762,-0.12178599458269754,0.3512941913040091,0.47308018588670664,True,,0.0075210501653615565,
rnbqkbnr/pp1p2pp/4pp2/8/8/4PN2/PPPP1PPP/R1BQKB1R w KQkq - 0 5,67,36,7,24,0.5373134328358209,0.1044776119402985,0.3582089552238806,0.17910447761194032,0.8634439741590554,1.35253867517965,-0.04339437265201834,0.401603327875899,0.4449977005279173,True,,0.00738265525911059,
rnbqk1nr/pp1p2pp/4pp2/8/1b1N4/4P3/PPPP1PPP/R1BQKB1R w KQkq - 2 6,24,16,0,8,0.6666666666666666,0.0,0.3333333333333333,0.3333333333333333,0.8888888888888888,0.9182958340544896,-0.043861911358723915,0.7105285780253905,0.7543904893841145,True,,0.009948401634270946,
rnbqk2r/pp1p2pp/4pp1n/8/1b1N4/2P1P3/PP1P1PPP/R1BQKB1R w KQkq - 1 7,15,9,0,6,0.6,0.0,0.4,0.19999999999999996,0.96,0.9709505944546686,-0.29583602584364926,0.6958360258436491,0.9916720516872983,True,0.8686860799789429,0.012161747924983502,0.010623113063812228
r2k1b1r/4p2p/4b1p1/pB1p4/1p6/BPN1PP1P/P1PP1nP1/R4RK1 b - - 1 13,55,27,6,22,0.4909090909090909,0.10909090909090909,0.4,0.09090909090909088,0.8826446280991735,1.3813736558380936,-0.15738117149103759,0.33919935330921935,0.49658052480025694,True,0.5026681423187256,0.007008290604095567,0.003592850457726074
r2k1b1r/4p2p/6p1/pB1p4/1p2N3/BP2PP2/P1PP1nP1/R4RK1 b - - 1 14,46,22,4,20,0.4782608695652174,0.08695652173913043,0.43478260869565216,0.043478260869565244,0.9111531190926276,1.337778097192496,-0.23236657525414411,0.3193230969932746,0.5516896722474187,True,,0.0064973264689678735,
r2k1b1r/4p2p/6p1/pB6/1p6/1P2PP2/PBPP1nP1/R4RK1 b - - 1 15,39,18,3,18,0.46153846153846156,0.07692307692307693,0.46153846153846156,0.0,0.9230769230769231,1.3143204867061788,-0.3015329206984699,0.3015329206984699,0.6030658413969398,True,,0.008096763410438329,
r2k1b1r/7p/6p1/pB2p3/1p6/1P2PP2/PBPP1nP1/3R1RK1 b - - 1 16,35,16,3,16,0.45714285714285713,0.08571428571428572,0.45714285714285713,0.0,0.9142857142857143,1.3362862311688675,-0.31677801699421204,0.31677801699421204,0.6335560339884241,True,,0.006365626651261534,
rnb1k2r/pppp2pp/4pn2/1N3p2/1b5q/2P1PPP1/PP1P3P/RNBQKB1R b KQkq - 0 7,22,7,3,12,0.3181818181818182,0.13636363636363635,0.5454545454545454,-0.22727272727272724,0.8119834710743801,1.3946169838545441,-0.6038120568143563,0.14926660226890187,0.7530786590832582,True,0.7350794429128821,0.003357653061605313,0.002482395306672262
rnb1k2r/pppp2pp/4p3/1N3p2/1b5q/2P1P1P1/PP1P3P/RNBQKB1R b KQkq - 0 8,19,4,3,12,0.21052631578947367,0.15789473684210525,0.631578947368421,-0.42105263157894735,0.6648199445983379,1.3124308023479359,-0.7876786736917495,-0.0544265894661452,0.7332520842256043,False,1.0207825832896762,0.003069007132006319,0.003121890170171843
rnbqkbnr/pppp2pp/4p3/1N3p2/8/4P3/PPPP1PPP/RNBQKB1R b KQkq - 1 4,96,46,5,45,0.4791666666666667,0.052083333333333336,0.46875,0.010416666666666685,0.9478081597222223,1.2430158362639192,-0.18433119424078753,0.2051645275741209,0.38949572181490844,True,0.21821404248476028,0.0029552633253236613,0.000637927071282492
rnb1kbnr/pppp2pp/4p3/1N3p2/7q/4P1P1/PPPP1P1P/RNBQKB1R b KQkq - 0 5,93,45,4,44,0.4838709677419355,0.043010752688172046,0.4731182795698925,0.010752688172043001,0.9568736270089028,1.2128321384749512,-0.18805533601541738,0.20956071235950338,0.39761604837492076,True,0.14133048125288702,0.0032880467447822773,0.0004563229705750512
rnb1kbnr/pppp2pp/4p3/5p2/8/4P1P1/PPPP1P1P/RNBQK2R b KQkq - 0 6,90,44,4,42,0.4888888888888889,0.044444444444444446,0.4666666666666667,0.0222222222222222,0.9550617283950616,1.2174939521435744,-0.1796806780059867,0.2241251224504311,0.4038058004564178,True,,0.003441093505049745,
r3kb1r/p3p2p/4b1p1/1p1p4/5P2/1PN1P3/P1PP2P1/R1B1KB2 w Qkq - 0 10,21,9,1,11,0.42857142857142855,0.047619047619047616,0.5238095238095238,-0.09523809523809529,0.9433106575963718,1.221694907636328,-0.5106374467678616,0.3201612562916711,0.8307987030595327,True,,0.00864076197502159,
rnbqkbnr/ppppppp1/7p/8/8/7N/PPPPPPPP/RNBQKB1R w KQkq - 0 2,21,9,3,9,0.42857142857142855,0.14285714285714285,0.42857142857142855,0.0,0.8571428571428571,1.4488156357251847,-0.39597252124276505,0.39597252124276505,0.7919450424855301,True,,0.006515016579734427,
r3kb1r/p3p2p/5np1/1p1p1b2/8/2N1P2P/PPPP1PP1/R1B1KB1R w KQkq - 1 9,106,56,16,34,0.5283018867924528,0.1509433962264151,0.32075471698113206,0.20754716981132076,0.8059807760768958,1.42428260326379,0.03664109493418169,0.37845324468845987,0.3418121497542782,False,,0.004348958596446604,
r3kb1r/p3p2p/5np1/1p1p4/4N1b1/4P2P/PPPP1PP1/R1B1KB1R w KQkq - 3 10,105,56,16,33,0.5333333333333333,0.1523809523809524,0.3142857142857143,0.21904761904761905,0.7996371882086167,1.4220847407703627,0.048006734767781,0.3900885033274571,0.3420817685596761,False,,0.010732158441983518,
r3kb1r/p3p2p/5np1/1p1p4/8/4P2P/PPPP2P1/R1B1KB1R w KQkq - 0 11,101,54,15,32,0.5346534653465347,0.1485148514851485,0.31683168316831684,0.21782178217821785,0.8040388197235566,1.4169512446235264,0.04294751288321583,0.39269605147321984,0.349748538590004,False,,0.0052384288041013305,
rnbqkbnr/pp1p2pp/2p1pp2/8/3N4/2N1P3/PPPP1PPP/R1BQKB1R b KQkq - 1 4,10,6,0,4,0.6,0.0,0.4,0.19999999999999996,0.96,0.9709505944546686,-0.4072726297031969,0.8072726297031968,1.2145452594063937,True,1.1965019702911377,0.0015925191110000014,0.0019169273385405694
rnbqkb1r/pp1pp1pp/2p2p2/8/8/2N5/PPPPPPPP/R1BQKB1R w KQkq - 0 5,50,26,5,19,0.52,0.1,0.38,0.14,0.8804000000000001,1.353222271744058,-0.1200776939969711,0.40007769399697113,0.5201553879939422,True,,0.004740183744579554,
rnbqkb1r/pp1p2pp/2p1pp2/8/4P3/2N5/PPPP1PPP/R1BQKB1R w KQkq - 0 6,23,15,2,6,0.6521739130434783,0.08695652173913043,0.2608695652173913,0.391304347826087,0.7599243856332704,1.214295263080721,0.03504246111354814,0.7475662345386258,0.7125237734250777,False,,0.006622511043172815,
rnbqkb1r/pp1p2p1/2p1pp2/7p/3PP3/2N5/PPP2PPP/R1BQKB1R w KQkq - 0 7,10,5,0,5,0.5,0.0,0.5,0.0,1.0,1.0,-0.6197950323045616,0.6197950323045616,1.2395900646091231,True,1.4596914649009705,0.0035317491739988325,0.005193888674436167
rnbqkbnr/ppppp1pp/5p2/8/3N4/8/PPPPPPPP/RNBQKB1R b KQkq - 1 2,132,59,15,58,0.44696969696969696,0.11363636363636363,0.4393939393939394,0.007575757575757569,0.8863062442607897,1.3971047514503052,-0.15302701184100098,0.16817852699251612,0.3212055388335171,True,0.5741936711164621,0.0016939768754651375,0.0009836564112660894
rnbqkb1r/ppppp1pp/5p1n/5N2/8/8/PPPPPPPP/RNBQKB1R b KQkq - 3 3,102,48,11,43,0.47058823529411764,0.10784313725490197,0.4215686274509804,0.04901960784313725,0.889753940792003,1.3835887508752605,-0.13403596938396886,0.23207518507024336,0.3661111544542122,True,,0.0016369750054425322,
rnbqkb1r/ppppp1pp/5p2/8/8/2N5/PPPPPPPP/R1BQKB1R b KQkq - 1 4,29,18,3,8,0.6206896551724138,0.10344827586206896,0.27586206896551724,0.3448275862068966,0.7776456599286563,1.2782038389853276,0.023875673399480324,0.6657794990143129,0.6419038256148326,False,1.0160971879959106,0.001736640456485851,0.0018814048565046343
rnbqkbnr/pppp2pp/4pp2/8/4P3/5N2/PPPP1PPP/RNBQKB1R w KQkq - 0 3,14,7,0,7,0.5,0.0,0.5,0.0,1.0,1.0,-0.5238224086117986,0.5238224086117986,1.0476448172235973,True,0.8998169047491891,0.004074058495461941,0.0037085599122648116
rn1qkbnr/pp2p2p/2p1b1p1/1B1pQ3/8/4P3/PPPP1PPP/RNB1K2R w KQkq - 0 7,28,15,5,8,0.5357142857142857,0.17857142857142858,0.2857142857142857,0.25,0.7589285714285714,1.4426049431802972,-0.0726781266099989,0.572678126609999,0.6453562532199979,True,0.5933885797858238,0.005745966436474451,0.00341614585819488
r3kbnr/pp2p2p/2p1b1p1/1B1p4/8/4P3/PPPP1PPP/RNB1K2R w KQkq - 0 8,20,13,3,4,0.65,0.15,0.2,0.45,0.6475000000000001,1.278897902987479,0.09734261765848101,0.8026573823415191,0.705314764683038,False,,0.00743261156603694,
r3kbnr/pp2p2p/2p3p1/1B1p4/8/2N1P2b/PPPP1PPP/R1B1K2R w KQkq - 2 9,12,8,2,2,0.6666666666666666,0.16666666666666666,0.16666666666666666,0.5,0.5833333333333333,1.2516291673878228,0.06786855985531448,0.9321314401446855,0.864262880289371,False,,0.011972082468370596,
r3kb1r/p3p2p/4bnp1/1p1p4/8/2NBP3/PPPP1PPP/R1B1K2R b KQkq - 3 8,10,5,2,3,0.5,0.2,0.3,0.2,0.76,1.4854752972273344,-0.34032478230482227,0.7403247823048222,1.0806495646096446,True,,0.00425231484696269,
2kr1b1r/p3p2p/5np1/1p1p4/8/4P2P/PPPPB1P1/R1B1K2R w KQ - 2 12,28,13,5,10,0.4642857142857143,0.17857142857142858,0.35714285714285715,0.10714285714285715,0.8099489795918366,1.4882607163738673,-0.22620518341178103,0.44049089769749533,0.6666960811092764,True,,0.006439152556205434,
r3kb1r/p3p2p/4bnp1/1p1p4/6P1/2N1P3/PPPP1P1P/R1B1KB1R b KQkq - 0 8,37,21,3,13,0.5675675675675675,0.08108108108108109,0.35135135135135137,0.21621621621621617,0.8721694667640614,1.28785148140323,-0.08470143846426709,0.5171338708966995,0.6018353093609665,True,,0.0074459088689370736,
rnbqkbnr/ppppppp1/7p/8/3P4/7N/PPP1PPPP/RNBQKB1R b KQkq - 0 2,14,9,1,4,0.6428571428571429,0.07142857142857142,0.2857142857142857,0.3571428571428572,0.8010204081632653,1.1981174211304033,-0.11167685481586148,0.825962569101576,0.9376394239174375,True,1.2838950157165527,0.0025567321572452784,0.0031375156410924677
rnbqkbnr/pppp3p/4p1p1/5p2/3N3Q/4P3/PPPP1PPP/RNB1KB1R b KQkq - 1 5,32,11,7,14,0.34375,0.21875,0.4375,-0.09375,0.7724609375,1.5309937134931264,-0.3982668756613205,0.21076687566132052,0.609033751322641,True,0.42179470509290695,0.004611078911693767,0.001947540032388572
rnb1k2r/pppp3p/4pnp1/1N3p2/1b6/2P1PP2/PP1P2PP/RNB1KB1R b KQkq - 0 8,33,17,3,13,0.5151515151515151,0.09090909090909091,0.3939393939393939,0.12121212121212122,0.8943985307621671,1.3368949636235008,-0.2014564452679573,0.44388068769219974,0.645337132960157,True,0.6542409360408783,0.0035811783322556453,0.0023334920299571127
rnb1k2r/pppp3p/4p1p1/1N3p2/1b6/2P1P3/PP1P2PP/RNB1KB1R b KQkq - 0 9,35,16,3,16,0.45714285714285713,0.08571428571428572,0.45714285714285713,0.0,0.9142857142857143,1.3362862311688675,-0.31677801699421204,0.31677801699421204,0.6335560339884241,True,,0.004287551323484097,
2b1k2r/1ppp3p/4p1p1/8/1b3p2/2P1P3/PP1P2PP/RNB1KB1R b KQk - 0 10,27,14,2,11,0.5185185185185185,0.07407407407407407,0.4074074074074074,0.1111111111111111,0.9135802469135801,1.2972313275776637,-0.2494173537803122,0.4716395760025344,0.7210569297828466,True,,0.003899403675286858,
rnbqkbnr/pppp3p/4p1p1/1N3p1Q/8/4P3/PPPP1PPP/RNB1KB1R b KQkq - 1 5,22,13,0,9,0.5909090909090909,0.0,0.4090909090909091,0.18181818181818182,0.9669421487603306,0.9760206482366149,-0.22908262718433509,0.5927189908206987,0.8218016180050338,True,0.27416664361953735,0.004419292577288367,0.0011385343302826312
rnb1kbnr/pppp3p/4p1p1/1N3p2/8/4P3/PPPP1PPP/RNB1KB1R b KQkq - 0 6,22,13,0,9,0.5909090909090909,0.0,0.4090909090909091,0.18181818181818182,0.9669421487603306,0.9760206482366149,-0.22908262718433509,0.5927189908206987,0.8218016180050338,True,,0.004814858421344648,
rnbqk1nr/pp1p2pp/2p1pp2/8/1b1PP3/2N2N2/PPP2PPP/R1BQKB1R w KQkq - 1 5,28,16,3,9,0.5714285714285714,0.10714285714285714,0.32142857142857145,0.24999999999999994,0.8303571428571428,1.3329187608024513,-0.08752157448265141,0.5875215744826513,0.6750431489653027,True,,0.006987363781913051,
rnbqk1nr/pp1p2pp/2p1p3/8/1b1PP3/2N5/PPP2PPP/R1BQKB1R w KQkq - 0 6,14,8,1,5,0.5714285714285714,0.07142857142857142,0.35714285714285715,0.21428571428571425,0.8826530612244898,1.2638091738835462,-0.2778434345340913,0.7064148631055198,0.9842582976396111,True,,0.004643625779343503,
rnbqk1nr/pp1p3p/2p1p1p1/7Q/1b1PP3/2N5/PPP2PPP/R1B1KB1R w KQkq - 0 7,14,8,1,5,0.5714285714285714,0.07142857142857142,0.35714285714285715,0.21428571428571425,0.8826530612244898,1.2638091738835462,-0.2778434345340913,0.7064148631055198,0.9842582976396111,True,0.9179311990737915,0.00701378532020109,0.006435522566953988
rnbqkbnr/pppp2pp/4pp2/8/8/3BPN2/PPPP1PPP/RNBQK2R b KQkq - 1 3,43,27,3,13,0.627906976744186,0.06976744186046512,0.3023255813953488,0.32558139534883723,0.824229313142239,1.211321350134393,0.05422635608979365,0.5969364346078808,0.5427100785180872,False,0.9906792491674423,0.002984047677844416,0.0029427539850301644
r3kb1r/p3p3/5np1/1p1p3p/8/1P2P2P/P1PPB1P1/R1B1K2R b KQkq - 0 12,21,11,4,6,0.5238095238095238,0.19047619047619047,0.2857142857142857,0.23809523809523814,0.7528344671201814,1.4607210985246075,-0.1330024004647879,0.6091928766552641,0.742195277120052,True,,0.013178425175803048,
r3kb1r/p7/5np1/1p1pp2p/8/1P2P2P/P1PPB1P1/R1B2RK1 b kq - 1 13,14,5,3,6,0.35714285714285715,0.21428571428571427,0.42857142857142855,-0.0714285714285714,0.7806122448979592,1.5306189948485172,-0.534237525665407,0.39138038280826426,0.9256179084736713,True,2.015848159790039,0.01060749710138355,0.020667984430433606
rnb1kbnr/pppp3p/4p1p1/1N3p1Q/7q/4P3/PPPP1PPP/RNB1KB1R w KQkq - 2 6,20,13,1,6,0.65,0.05,0.3,0.35000000000000003,0.8274999999999999,1.1411535278793057,-0.04867324804433443,0.7486732480443345,0.7973464960886689,True,,0.005704628303647041,
rnb1kb1r/pppp3p/4pnp1/1N3p2/8/4P3/PPPP1PPP/RNB1KB1R w KQkq - 1 7,19,13,1,5,0.6842105263157895,0.05263157894736842,0.2631578947368421,0.4210526315789474,0.7700831024930748,1.1050139971135322,0.026468071450761854,0.815637191707133,0.7891691202563711,False,0.7829458713531494,0.007767510330794673,0.006112525195538954
rnbqkb1r/pppp2pp/4pp1n/8/6P1/2N2N2/PPPPPP1P/R1BQKB1R w KQkq - 0 4,15,10,1,4,0.6666666666666666,0.06666666666666667,0.26666666666666666,0.39999999999999997,0.7733333333333334,1.158938532350277,-0.04502645274710915,0.8450264527471091,0.8900529054942182,True,,0.007173076334098975,
rnbqkbnr/pp1p2pp/2p1pp2/8/8/2NBPN2/PPPP1PPP/R1BQK2R b KQkq - 1 4,39,23,4,12,0.5897435897435898,0.10256410256410256,0.3076923076923077,0.28205128205128205,0.8178829717291256,1.309466962504167,-0.0017807265899966729,0.5658832906925608,0.5676640172825576,True,0.6486177146434784,0.0026004737756477716,0.0016106371104328207
rnbqkb1r/ppppp1pp/5p2/8/4P3/8/PPPP1PPP/RNBQKB1R b KQkq - 0 4,55,21,6,28,0.38181818181818183,0.10909090909090909,0.509090909090909,-0.1272727272727272,0.8747107438016529,1.3749164644284084,-0.3744445593812195,0.1198991048357651,0.4943436642169846,True,1.1468130350112915,0.0023395383984527803,0.002834842478045274
rnbqkb1r/pppp2pp/4pp2/8/3PP3/8/PPP2PPP/RNBQKB1R b KQkq - 0 5,32,12,3,17,0.375,0.09375,0.53125,-0.15625,0.8818359375,1.3355841933727153,-0.48161212712311263,0.16911212712311263,0.6507242542462253,True,,0.00285585686651757,
rnbqk2r/pppp2pp/4pp2/1N6/1b3Pn1/2P1P3/PP1P2PP/RNBQKB1R b KQkq - 0 6,10,8,0,2,0.8,0.0,0.2,0.6000000000000001,0.6399999999999999,0.7219280948873623,0.10416397415635087,1.0958360258436493,0.9916720516872983,False,0.7638003826141357,0.0018327777157537638,0.0014006789836733882
rnbqkbnr/ppp2ppp/8/3pp3/4P3/5N2/PPPP1PPP/RNBQKB1R w KQkq - 0 3,25,11,6,8,0.44,0.24,0.32,0.12,0.7456,1.5413152774012366,-0.21847845997697052,0.4584784599769705,0.676956919953941,True,0.41470543827329365,0.005453932657837867,0.002259053893469187
rnbqkbnr/ppp3pp/8/3pppN1/4P3/8/PPPP1PPP/RNBQKB1R w KQkq - 0 4,25,10,6,9,0.4,0.24,0.36,0.040000000000000036,0.7584,1.55352095112747,-0.3013714908784519,0.38137149087845196,0.6827429817569038,True,0.9024467753327411,0.006946912184357643,0.006291667508363607
rnbqkb1r/ppp1p1pp/5p1n/3p4/6P1/2N2N2/PPPPPP1P/R1BQKB1R w KQkq - 0 4,41,22,5,14,0.5365853658536586,0.12195121951219512,0.34146341463414637,0.1951219512195122,0.8399762046400953,1.3814518828311613,-0.08541472959102264,0.47565863203004705,0.5610733616210697,True,,0.007557197008281946,
rnbqkbnr/pppp3p/4ppp1/8/7N/3BP3/PPPP1PPP/RNBQK2R b KQkq - 1 4,24,10,2,12,0.4166666666666667,0.08333333333333333,0.5,-0.08333333333333331,0.9097222222222223,1.3250112108241772,-0.46492323399770147,0.29825656733103484,0.7631798013287363,True,0.9061520099639893,0.0037255678131865957,0.003485562716112778
rnbqkbnr/ppp1p1pp/5p2/3p4/3P4/5N2/PPP1PPPP/RNBQKB1R w KQkq - 0 3,64,36,10,18,0.5625,0.15625,0.28125,0.28125,0.7646484375,1.4000745152068985,0.06701569905225715,0.4954843009477429,0.42846860189548575,False,1.5097030167068755,0.007087859012244735,0.010685892916056329
rnbqkb1r/ppp1p1pp/5p2/3p4/3PP3/8/PPP2PPP/RNBQKB1R b KQkq - 0 5,34,13,5,16,0.38235294117647056,0.14705882352941177,0.47058823529411764,-0.08823529411764708,0.8451557093425606,1.4487758762423684,-0.3972484698558717,0.22077788162057754,0.6180263514764492,True,,0.002946695395033149,
rn1qkb1r/ppp1p1pp/5p2/3p4/3PP1b1/5P2/PPP3PP/RNBQKB1R b KQkq - 0 6,23,10,2,11,0.43478260869565216,0.08695652173913043,0.4782608695652174,-0.043478260869565244,0.9111531190926276,1.337778097192496,-0.4335817692262989,0.3466252474871684,0.7802070167134673,True,0.6318878829479218,0.002801592522503241,0.0019151039366520628
rnbqkbnr/ppp1p1pp/5p2/3p4/3P4/5NP1/PPP1PP1P/RNBQKB1R b KQkq - 0 3,14,3,2,9,0.21428571428571427,0.14285714285714285,0.6428571428571429,-0.4285714285714286,0.6734693877551021,1.287054028118727,-0.8584472345615599,0.0013043774187026513,0.8597516119802626,True,1.0626474022865295,0.0037063372022073183,0.003928859624440992
rn1qkbnr/ppp1p1pp/5p2/3p4/3P2b1/5NPB/PPP1PP1P/RNBQK2R b KQkq - 2 4,13,3,2,8,0.23076923076923078,0.15384615384615385,0.6153846153846154,-0.38461538461538464,0.698224852071006,1.3346791410515946,-0.8388435564219894,0.06961278719122016,0.9084563436132096,True,1.0136678814888,0.005231351770747166,0.005275380178564698
rn1qkbnr/ppp3pp/4pp2/3p4/3P2b1/5NPB/PPP1PP1P/RNBQ1RK1 b kq - 1 5,13,3,2,8,0.23076923076923078,0.15384615384615385,0.6153846153846154,-0.38461538461538464,0.698224852071006,1.3346791410515946,-0.8388435564219894,0.06961278719122016,0.9084563436132096,True,2.1819010376930237,0.004525537172762247,0.009665703350236754
r2k1b1r/7p/6p1/1B2p3/pp6/1P2PP2/P1PP1nP1/B2R1RK1 b - - 1 17,22,9,2,11,0.4090909090909091,0.09090909090909091,0.5,-0.09090909090909088,0.9008264462809918,1.3420192178195207,-0.4875132958322828,0.30569511401410104,0.7932084098463839,True,0.47694098949432373,0.0046030728950757875,0.0021282610437533545
r2k1b1r/8/6p1/1B2p2p/pp6/1P2PPP1/P1PP1n2/B2R1RK1 b - - 0 18,16,8,1,7,0.5,0.0625,0.4375,0.0625,0.93359375,1.271782221599798,-0.41094231075987536,0.5359423107598753,0.9468846215197506,True,,0.004993005306459963,
r3kb1r/p3p3/5np1/1p1p3p/8/4P2P/PPPPB1P1/R1B1K2R w KQkq - 0 12,41,26,6,9,0.6341463414634146,0.14634146341463414,0.21951219512195122,0.41463414634146345,0.6817370612730517,1.3026609634235435,0.16189959710821544,0.6673686955747115,0.505469098466496,False,,0.006812785411389862,
r3kb1r/p7/5np1/1p1pp2p/8/1P2P2P/P1PPB1P1/R1B1K2R w KQkq - 0 13,11,4,3,4,0.36363636363636365,0.2727272727272727,0.36363636363636365,0.0,0.7272727272727273,1.5726236638951638,-0.5039650270362465,0.5039650270362465,1.007930054072493,True,,0.007828028406947851,
r3k2r/p3p3/5npb/1p1p3p/8/4P2P/PPPPB1P1/R1B2RK1 w kq - 2 13,16,10,2,4,0.625,0.125,0.25,0.375,0.734375,1.2987949406953985,-0.044901128351011954,0.7949011283510119,0.8398022567020238,True,,0.006588981341337785,
r3kb1r/p3p2p/4b1p1/3p4/8/2N1PP2/PPPP2P1/R1B1K3 w Qkq - 0 10,19,11,0,8,0.5789473684210527,0.0,0.42105263157894735,0.1578947368421053,0.9750692520775623,0.9819407868640977,-0.28611144964756957,0.6019009233317802,0.8880123729793499,True,,0.008360789451552065,
rnbqkb1r/ppp1p1pp/5p2/3p4/3PP3/2N5/PPP2P1P/R1BQKB1R b KQkq - 0 5,18,9,1,8,0.5,0.05555555555555555,0.4444444444444444,0.05555555555555558,0.941358024691358,1.2516291673878228,-0.3926624027949311,0.5037735139060422,0.8964359167009732,True,0.5696673393249512,0.002387693190636734,0.0014486225508848483
rn1qkb1r/ppp1p1pp/5p2/3p4/3PP1b1/2N2P2/PPP4P/R1BQKB1R b KQkq - 0 6,17,9,1,7,0.5294117647058824,0.058823529411764705,0.4117647058823529,0.11764705882352944,0.9273356401384083,1.253297578463043,-0.3401174371755353,0.5754115548225942,0.9155289919981295,True,0.8217931787172953,0.0032434960252002757,0.002746904449511353
rnbqkbnr/pp1p2pp/2p1pp2/8/4P3/2N2N2/PPPP1PPP/R1BQKB1R w KQkq - 0 4,48,29,3,16,0.6041666666666666,0.0625,0.3333333333333333,0.2708333333333333,0.8641493055555556,1.2175388265365092,0.007853851710436066,0.5338128149562306,0.5259589632457945,False,1.3810443878173828,0.00830842232486854,0.01126675330247906
rnbqkbnr/pp1p2pp/4pp2/8/4P3/5N2/PPPP1PPP/R1BQKB1R w KQkq - 0 5,49,26,2,21,0.5306122448979592,0.04081632653061224,0.42857142857142855,0.10204081632653067,0.9487713452728029,1.1973608941147518,-0.17068787644266198,0.3747695090957233,0.5454573855383853,True,,0.0077510929514406895,
r1bqkbnr/pp1p2pp/2n1pp2/1B6/4P3/5N2/PPPP1PPP/R1BQK2R w KQkq - 2 6,49,26,2,21,0.5306122448979592,0.04081632653061224,0.42857142857142855,0.10204081632653067,0.9487713452728029,1.1973608941147518,-0.17068787644266198,0.3747695090957233,0.5454573855383853,True,,0.006398315436910002,
r1bqkbnr/pp1p3p/2n1ppp1/1B6/4P3/5N2/PPPP1PPP/R1BQ1RK1 w kq - 0 7,13,8,0,5,0.6153846153846154,0.0,0.38461538461538464,0.23076923076923078,0.9467455621301775,0.9612366047228759,-0.29815450159809614,0.7596929631365577,1.0578474647346539,True,,0.008320473277798066,
rnbqkbnr/pp1p2pp/4pp2/8/8/4P3/PPPP1PPP/RNBQKB1R w KQkq - 0 5,18,9,8,1,0.5,0.4444444444444444,0.05555555555555555,0.4444444444444444,0.3580246913580247,1.2516291673878228,0.16802516663107386,0.7208637222578149,0.552838555626741,False,,0.006125946839650472,
rnbqkbnr/pp1p3p/4ppp1/7Q/8/4P3/PPPP1PPP/RNB1KB1R w KQkq - 0 6,18,9,8,1,0.5,0.4444444444444444,0.05555555555555555,0.4444444444444444,0.3580246913580247,1.2516291673878228,0.16802516663107386,0.7208637222578149,0.552838555626741,False,0.025877480278722942,0.009328079099456469,0.00024087420585095463
r1bqkbnr/pp1p3p/2n1ppp1/1Q6/8/4P3/PPPP1PPP/RNB1KB1R w KQkq - 2 7,18,9,8,1,0.5,0.4444444444444444,0.05555555555555555,0.4444444444444444,0.3580246913580247,1.2516291673878228,0.16802516663107386,0.7208637222578149,0.552838555626741,False,0.13341695708887918,0.005835041093329589,0.0007806001985381604
rnb1k2r/pppp3p/4p1p1/1N3p2/1b6/2P1P3/PP1P1PPP/RNB1K2R b KQkq - 0 9,11,7,0,4,0.6363636363636364,0.0,0.36363636363636365,0.2727272727272727,0.9256198347107438,0.9456603046006401,-0.295821955864798,0.8412765013193434,1.1370984571841414,True,,0.003862669818441976,
rnbqkbnr/pppppppp/8/8/3P4/8/PPP1PPPP/RNBQKBNR b KQkq - 0 1,21,11,1,9,0.5238095238095238,0.047619047619047616,0.42857142857142855,0.09523809523809529,0.9433106575963718,1.221694907636328,-0.3201612562916711,0.5106374467678616,0.8307987030595327,True,1.7817240783146449,0.0032075737558660052,0.005713324301389203
r2k1b1r/p2Bp3/4b1p1/3p3p/1p6/BP2PP1P/P1PP1nP1/RN3RK1 b - - 1 13,39,17,3,19,0.4358974358974359,0.07692307692307693,0.48717948717948717,-0.051282051282051266,0.9204470742932281,1.3122643070969313,-0.3523851315329174,0.24982102896881486,0.6022061605017323,True,,0.005531479162761034,
r2k1b1r/p2Bp3/6p1/3p3p/1p6/BP2PPP1/P1PP1n2/RN3RK1 b - - 0 14,27,11,1,15,0.4074074074074074,0.037037037037037035,0.5555555555555556,-0.1481481481481482,0.9410150891632374,1.1749946599731704,-0.5140499116631957,0.2177536153668993,0.731803527030095,True,,0.008041370142665174,
rnbqkbnr/ppppp1pp/5p2/8/4P3/5N2/PPPP1PPP/RNBQKB1R b KQkq - 0 2,25,18,2,5,0.72,0.08,0.2,0.52,0.6496,1.0971245697587872,0.204062559994995,0.835937440005005,0.63187488001001,False,0.7489208900011503,0.003960784934461117,0.0029729248147170252
rnbqkbnr/pppp2pp/4pp2/8/3PP3/5N2/PPP2PPP/RNBQKB1R b KQkq - 0 3,22,15,1,6,0.6818181818181818,0.045454545454545456,0.2727272727272727,0.40909090909090906,0.7871900826446281,1.090652803252992,0.038344837785901864,0.7798369803959162,0.7414921426100143,False,1.400818645954132,0.0024115393276919017,0.0033852681719150346
rnbqk1nr/pppp2pp/4pp2/8/1b1PP3/2P2N2/PP3PPP/RNBQKB1R b KQkq - 0 4,14,10,0,4,0.7142857142857143,0.0,0.2857142857142857,0.4285714285714286,0.8163265306122449,0.863120568566631,-0.044706257328195165,0.9018491144710523,0.9465553717992474,True,1.5652324159940083,0.0035008322281230774,0.005561772727587649
rnb1k2r/pppp2pp/4pn2/5p2/1b6/4PPP1/PPPP3P/RNBQK2R w KQkq - 1 8,34,22,1,11,0.6470588235294118,0.029411764705882353,0.3235294117647059,0.3235294117647059,0.8659169550173011,1.0827203878670804,0.010743809341058841,0.6363150141883529,0.6255712048472941,False,,0.005962974296006209,
r1b1k2r/pppp2pp/2n1pn2/5p2/1b6/2P1PPP1/PP1P3P/RNBQK2R w KQkq - 1 9,14,9,0,5,0.6428571428571429,0.0,0.35714285714285715,0.28571428571428575,0.9183673469387755,0.9402859586706311,-0.2162725059115655,0.787701077340137,1.0039735832517025,True,,0.005310196096875838,
rnbqkb1r/ppp1p1pp/5p1n/3p4/3P2P1/2N2N2/PPP1PP1P/R1BQKB1R b KQkq - 0 4,11,7,3,1,0.6363636363636364,0.2727272727272727,0.09090909090909091,0.5454545454545454,0.42975206611570255,1.2406705316766884,0.15805354753358797,0.9328555433755028,0.7748019958419148,False,0.8507119417190552,0.0034754414280707187,0.003323974545746289
rnbqk1nr/pp1p2pp/2p1pp2/8/1b1N4/2N1P3/PPPP1PPP/R1BQKB1R w KQkq - 2 5,15,6,2,7,0.4,0.13333333333333333,0.4666666666666667,-0.06666666666666665,0.8622222222222222,1.4294732983598406,-0.5365738320340433,0.40324049870071,0.9398143307347533,True,0.027294019237160683,0.004994395809868972,0.00013725514756819223
rnbqk1nr/pp1p2p1/2p1pp2/1N5p/1b6/2N1P3/PPPP1PPP/R1BQKB1R w KQkq - 0 6,15,6,2,7,0.4,0.13333333333333333,0.4666666666666667,-0.06666666666666665,0.8622222222222222,1.4294732983598406,-0.5365738320340433,0.40324049870071,0.9398143307347533,True,,0.00342604195078214,
rnbq1knr/ppNp2p1/2p1pp2/7p/1b6/2N1P3/PPPP1PPP/R1BQKB1R w KQ - 2 7,15,6,2,7,0.4,0.13333333333333333,0.4666666666666667,-0.06666666666666665,0.8622222222222222,1.4294732983598406,-0.5365738320340433,0.40324049870071,0.9398143307347533,True,1.8879351615905762,0.0032728427244971196,0.006384425102931357
rnbqk1nr/ppp3pp/8/3pppN1/1b1PP3/8/PPP2PPP/RNBQKB1R w KQkq - 1 5,18,5,5,8,0.2777777777777778,0.2777777777777778,0.4444444444444444,-0.16666666666666663,0.6944444444444444,1.5466316153937778,-0.5516399512082438,0.21830661787491057,0.7699465690831544,True,,0.006566974179198344,
rnbqk1nr/ppp3pp/8/3p1pN1/1b2P3/2P5/PP3PPP/RNBQKB1R w KQkq - 0 6,14,4,5,5,0.2857142857142857,0.35714285714285715,0.35714285714285715,-0.07142857142857145,0.6377551020408163,1.5774062828523454,-0.4897508977834475,0.3468937549263046,0.8366446527097521,True,1.4300261338551838,0.0074209236606423345,0.010575816242666255
r3kb1r/p3p3/4bnp1/1p1p3p/6P1/2N1P3/PPPP1P1P/R1B1KB1R w KQkq - 0 9,28,17,2,9,0.6071428571428571,0.07142857142857142,0.32142857142857145,0.28571428571428564,0.8469387755102041,1.235348017977726,-0.05516066149465548,0.6265892329232268,0.6817498944178823,True,,0.0101783209081207,
rnbqkb1r/ppppp1pp/5p2/8/3P4/8/PPP1PPPP/RNBQKB1R b KQkq - 0 4,10,5,2,3,0.5,0.2,0.3,0.2,0.76,1.4854752972273344,-0.34032478230482227,0.7403247823048222,1.0806495646096446,True,,0.0022896123700775206,
r3kb1r/p3p3/5np1/1p1p3p/8/4P2P/PPPPB1P1/R1B2RK1 b kq - 1 12,15,7,3,5,0.4666666666666667,0.2,0.3333333333333333,0.13333333333333336,0.7822222222222223,1.5058231002082845,-0.3142434351506528,0.5809101018173195,0.8951535369679723,True,,0.008188561412195365,
rnbqkbnr/ppp1p1pp/5p2/3p4/8/2N1PN2/PPPP1PPP/R1BQKB1R b KQkq - 1 3,14,7,1,6,0.5,0.07142857142857142,0.42857142857142855,0.07142857142857145,0.9234693877551021,1.2958363892911637,-0.4319506966354117,0.5748078394925547,1.0067585361279663,True,0.33713775128126144,0.0020492664937462124,0.000729547828720636
rnbqkbnr/p1p1p1pp/8/1p1p3Q/8/2N1P3/PPPP1PPP/R1B1KB1R b KQkq - 1 5,10,5,1,4,0.5,0.1,0.4,0.09999999999999998,0.89,1.360964047443681,-0.48471346405036475,0.6847134640503647,1.1694269281007295,True,,0.0062598947435617445,
rnbqkbnr/p1p1p2p/6p1/1p1pQ3/8/2N1P3/PPPP1PPP/R1B1KB1R b KQkq - 1 6,10,5,1,4,0.5,0.1,0.4,0.09999999999999998,0.89,1.360964047443681,-0.48471346405036475,0.6847134640503647,1.1694269281007295,True,,0.006514496821910143,
rnbqkbnr/pp1pp1pp/2p2p2/3N4/8/5N2/PPPPPPPP/R1BQKB1R b KQkq - 1 3,29,18,2,9,0.6206896551724138,0.06896551724137931,0.3103448275862069,0.3103448275862069,0.8347205707491083,1.2170163386123156,-0.022176610629540128,0.6428662658019539,0.6650428764314941,True,,0.0025754174346040034,
rnbqkbnr/pp1pp1pp/5p2/8/8/4PN2/PPPP1PPP/R1BQKB1R b KQkq - 0 4,21,13,2,6,0.6190476190476191,0.09523809523809523,0.2857142857142857,0.33333333333333337,0.7936507936507936,1.2677702161044204,-0.04769140288534196,0.7143580695520086,0.7620494724373506,True,,0.0041413081676832265,
rnbqkbnr/pp1p2pp/4pp2/8/3N4/4P3/PPPP1PPP/R1BQKB1R b KQkq - 1 5,21,10,1,10,0.47619047619047616,0.047619047619047616,0.47619047619047616,0.0,0.9523809523809523,1.2285763800288914,-0.41739168598884835,0.41739168598884835,0.8347833719776967,True,,0.0028420586937240194,
rnbqk1nr/pp1p2pp/4pp2/8/1b1N4/2P1P3/PP1P1PPP/R1BQKB1R b KQkq - 0 6,20,10,1,9,0.5,0.05,0.45,0.04999999999999999,0.9475,1.2344977967946407,-0.37660181859713654,0.4766018185971365,0.8532036371942731,True,1.632219672203064,0.0026300190365873277,0.0040398584361013845
rnbqk2r/pp1p2pp/4pp1n/1N6/1b6/2P1P3/PP1P1PPP/R1BQKB1R b KQkq - 2 7,12,5,1,6,0.4166666666666667,0.08333333333333333,0.5,-0.08333333333333331,0.9097222222222223,1.3250112108241772,-0.622982946117485,0.45631627945081826,1.0792992255683032,True,1.1438565254211426,0.0028971980597513416,0.0030617706259468136
rnbqk2r/pp1p2pp/4pp2/1N6/1b3Pn1/2P1P3/PP1P2PP/R1BQKB1R b KQkq - 0 8,10,4,1,5,0.4,0.1,0.5,-0.09999999999999998,0.89,1.360964047443681,-0.6847134640503647,0.48471346405036475,1.1694269281007295,True,1.2230539321899414,0.0029154526302590964,0.003501780798940498
rn1qkbnr/ppp1p1pp/5p2/3p4/3PP1b1/5N2/PPP2PPP/RNBQKB1R w KQkq - 1 4,24,10,6,8,0.4166666666666667,0.25,0.3333333333333333,0.08333333333333337,0.7430555555555556,1.5545851693377997,-0.26153483702036995,0.4282015036870367,0.6897363407074066,True,1.5461279816097684,0.004809220884150515,0.007508227196701427
r3k2r/p3p1bp/4bnp1/1p1p4/8/2N1PP2/PPPP2PP/R1B1KB1R w KQkq - 1 9,12,8,1,3,0.6666666666666666,0.08333333333333333,0.25,0.41666666666666663,0.7430555555555556,1.188721875540867,-0.07105057707833562,0.9043839104116689,0.9754344874900045,True,,0.004778042784892023,
rnbqkbnr/ppp1p1pp/5p2/3pN3/8/4P3/PPPP1PPP/RNBQKB1R b KQkq - 1 3,14,5,1,8,0.35714285714285715,0.07142857142857142,0.5714285714285714,-0.21428571428571425,0.8826530612244898,1.2638091738835462,-0.7064148631055198,0.2778434345340913,0.9842582976396111,True,,0.0032773977145552635,
rnbqkbnr/ppppppp1/7p/8/4P3/7N/PPPP1PPP/RNBQKB1R b KQkq - 0 2,13,7,0,6,0.5384615384615384,0.0,0.46153846153846156,0.07692307692307687,0.9940828402366864,0.9957274520849255,-0.4650624675284821,0.6189086213746359,1.083971088903118,True,0.4032214507460594,0.002873393563696971,0.001137233260384585
rnbqkbnr/pppp1pp1/4p2p/8/3PP3/7N/PPP2PPP/RNBQKB1R b KQkq - 0 3,15,8,1,6,0.5333333333333333,0.06666666666666667,0.4,0.1333333333333333,0.9155555555555556,1.272905595320056,-0.3508889960928921,0.6175556627595586,0.9684446588524507,True,1.6657599210739136,0.003072568882877628,0.005195836834583097
rnbqkbnr/pp1p2pp/2p1p3/8/8/2N1P3/PPPP1PPP/R1BQKB1R w KQkq - 0 5,42,27,4,11,0.6428571428571429,0.09523809523809523,0.2619047619047619,0.380952380952381,0.7596371882086168,1.2390862236496194,0.11736382272595208,0.64454093917881,0.5271771164528578,False,,0.009156339203140565,
rnb1k3/pp1p4/2p1p1p1/8/1b1PP2q/2N5/PPP2PPP/R1B1KB1R w KQq - 1 8,10,7,1,2,0.7,0.1,0.2,0.49999999999999994,0.6499999999999999,1.1567796494470395,0.0003052698445598634,0.99969473015544,0.9993894603108802,False,,0.0038729218067601323,
rnbqk2r/pp1p2pp/2p1pp1n/8/1b1PP1P1/2N2N2/PPP2P1P/R1BQKB1R w KQkq - 1 6,31,21,3,7,0.6774193548387096,0.0967741935483871,0.22580645161290322,0.4516129032258064,0.6992715920915713,1.1914531544216926,0.1572451813857203,0.7459806250658925,0.5887354436801722,False,,0.009320108550450495,
r2qkbnr/p1p1p2p/n3b1p1/3pQ3/8/2N1P3/PPPP1PPP/R1B1K2R w KQkq - 1 8,18,12,2,4,0.6666666666666666,0.1111111111111111,0.2222222222222222,0.4444444444444444,0.691358024691358,1.224394445405986,0.06032760876027948,0.8285612801286093,0.7682336713683298,False,0.09348806738853455,0.009551844714830319,0.0009030165099322266
r2qk1nr/p1p1p1bp/n3b1p1/1N1pQ3/8/4P3/PPPP1PPP/R1B1K2R w KQkq - 3 9,10,6,2,2,0.6,0.2,0.2,0.39999999999999997,0.6400000000000001,1.3709505944546687,-0.09583602584364936,0.8958360258436493,0.9916720516872987,True,0.2796176033360617,0.006876873597502708,0.001908528347541169
r3k1nr/p3p2p/n5p1/3p4/8/4P3/PPPP1PPP/R1B1K2R w KQkq - 0 10,10,6,2,2,0.6,0.2,0.2,0.39999999999999997,0.6400000000000001,1.3709505944546687,-0.09583602584364936,0.8958360258436493,0.9916720516872987,True,,0.011444344837218522,
r3k2r/p3p2p/n4np1/3p4/8/4P3/PPPP1PPP/R1B2RK1 w kq - 2 11,10,6,2,2,0.6,0.2,0.2,0.39999999999999997,0.6400000000000001,1.3709505944546687,-0.09583602584364936,0.8958360258436493,0.9916720516872987,True,,0.008532235212624074,
r3kb1r/p6p/4pnp1/1p1p4/8/4P2P/PPPPB1P1/R1B1K2R w KQkq - 0 12,14,7,2,5,0.5,0.14285714285714285,0.35714285714285715,0.14285714285714285,0.8367346938775511,1.4315602842833155,-0.3362999943846659,0.6220142800989517,0.9583142744836175,True,,0.007845876904736673,
2kr1b1r/p6p/4pnp1/1p1p4/8/4P2P/PPPPB1P1/R1B2RK1 w - - 2 13,11,6,0,5,0.5454545454545454,0.0,0.45454545454545453,0.09090909090909088,0.9917355371900827,0.9940302114769565,-0.497595271253986,0.6794134530721678,1.1770087243261538,True,,0.006119121543385766,
rnbqkb1r/ppp1p1pp/5p2/3p4/4P3/2N5/PPPP1P1P/R1BQKB1R w KQkq - 0 5,42,23,5,14,0.5476190476190477,0.11904761904761904,0.3333333333333333,0.21428571428571436,0.8350340136054422,1.3695904139084134,-0.06207450514607499,0.4906459337175037,0.5527204388635787,True,,0.01097903564749729,
rn1qkb1r/ppp1p1pp/5p2/3p4/3PP1b1/2N5/PPP2P1P/R1BQKB1R w KQkq - 1 6,25,14,2,9,0.56,0.08,0.36,0.20000000000000007,0.88,1.290564432903234,-0.1677218384709197,0.5677218384709198,0.7354436769418395,True,,0.0031428201589733364,
r2qkb1r/ppp1p1pp/n4p2/3p4/3PP1b1/2N2P2/PPP4P/R1BQKB1R w KQkq - 1 7,22,13,2,7,0.5909090909090909,0.09090909090909091,0.3181818181818182,0.27272727272727276,0.834710743801653,1.288649764535596,-0.10904532435977793,0.6544998698143234,0.7635451941741014,True,1.551330804824829,0.00315256889867173,0.005117481977793548
rnbqkbnr/pp1p3p/2p1ppp1/8/3N4/2NBP3/PPPP1PPP/R1BQK2R b KQkq - 1 5,28,17,4,7,0.6071428571428571,0.14285714285714285,0.25,0.3571428571428571,0.7295918367346939,1.3381280379269256,0.04076283041579193,0.6735228838699223,0.6327600534541304,False,0.7625762224197388,0.00315806848396148,0.002282003729067006
rnbqkbnr/pppp2pp/8/4ppN1/8/8/PPPPPPPP/RNBQKB1R w KQkq - 0 3,11,5,2,4,0.45454545454545453,0.18181818181818182,0.36363636363636365,0.09090909090909088,0.8099173553719008,1.4949188482339508,-0.44092001431744593,0.6227381961356278,1.0636582104530736,True,,0.008932399817488411,
rnbqkbnr/pp1p2pp/2p1pp2/1N6/8/4P3/PPPP1PPP/RNBQKB1R b KQkq - 1 4,20,13,2,5,0.65,0.1,0.25,0.4,0.74,1.2361602543738117,0.022993400103283823,0.7770065998967162,0.7540131997934323,False,0.9980506300926208,0.0027239273302257063,0.0026343912235031464
rnbqkbnr/pp1p2pp/4pp2/7Q/8/4P3/PPPP1PPP/RNB1KB1R b KQkq - 1 5,13,7,2,4,0.5384615384615384,0.15384615384615385,0.3076923076923077,0.23076923076923073,0.7928994082840237,1.419556298571613,-0.2532754608956081,0.7148139224340695,0.9680893833296775,True,,0.006510290675438368,
rnbqkbnr/pp1p3p/4ppp1/1Q6/8/4P3/PPPP1PPP/RNB1KB1R b KQkq - 1 6,13,7,2,4,0.5384615384615384,0.15384615384615385,0.3076923076923077,0.23076923076923073,0.7928994082840237,1.419556298571613,-0.2532754608956081,0.7148139224340695,0.9680893833296775,True,,0.006869160319463565,
r1bqkbnr/pp1p3p/1Qn1ppp1/8/8/4P3/PPPP1PPP/RNB1KB1R b KQkq - 3 7,12,7,2,3,0.5833333333333334,0.16666666666666666,0.25,0.33333333333333337,0.7222222222222222,1.384431504340598,-0.1474981449464679,0.8141648116131346,0.9616629565596024,True,0.5081662088632584,0.007429782611628373,0.003600478131109773
rnbqk2r/pp1p2pp/2p1p2n/5pN1/1b1PP1P1/2N5/PPP2P1P/R1BQKB1R w KQkq - 0 7,25,17,2,6,0.68,0.08,0.24,0.44000000000000006,0.7263999999999999,1.1639904575514164,0.10590805532894321,0.7740919446710569,0.6681838893421137,False,0.8970430195331573,0.007821146585047244,0.007100777892254079
r3kb1r/4p2p/p3bnp1/3p4/8/2N1P3/PPPP1PPP/R1B1K2R w KQkq - 0 9,21,13,3,5,0.6190476190476191,0.14285714285714285,0.23809523809523808,0.380952380952381,0.7120181405895691,1.322305788853309,0.020054798418022213,0.7418499634867397,0.7217951650687175,False,,0.005895233690916072,
rnb1kb1r/pppp2pp/4pn2/5p2/8/4PPP1/PPPP3P/RNBQK2R b KQkq - 0 7,60,29,2,29,0.48333333333333334,0.03333333333333333,0.48333333333333334,0.0,0.9666666666666667,1.1775089669851988,-0.24877735003203347,0.24877735003203347,0.49755470006406693,True,1.1531651616096497,0.0030966076883487403,0.003347049059582323
rnb1k2r/pppp2pp/4pn2/5p2/1b6/2P1PPP1/PP1P3P/RNBQK2R b KQkq - 0 8,54,31,3,20,0.5740740740740741,0.05555555555555555,0.37037037037037035,0.20370370370370372,0.9029492455418381,1.2220442610171012,-0.04974080201718856,0.457148209424596,0.5068890114417846,True,1.7357470900924117,0.002413119034220775,0.004127260646264882
r1b1k2r/pppp2pp/2n1pn2/5p2/1b1P4/2P1PPP1/PP5P/RNBQK2R b KQkq - 0 9,17,10,0,7,0.5882352941176471,0.0,0.4117647058823529,0.17647058823529416,0.9688581314878892,0.9774178175281716,-0.2914301437710591,0.6443713202416474,0.9358014640127066,True,1.7859773976462228,0.0023430933874538716,0.004182938222026145
rnbqk1nr/pppp2pp/4p3/5p2/1b1N4/2P1P3/PP1P1PPP/RNBQKB1R w KQkq - 0 5,28,13,1,14,0.4642857142857143,0.03571428571428571,0.5,-0.0357142857142857,0.9630102040816326,1.1856161633204378,-0.3991976338732507,0.3277690624446793,0.72696669631793,True,0.43182581663131714,0.0042604259215295315,0.0017660410836357887
rnb1k1nr/pppp2pp/4p3/1N3p2/1b5q/2P1P3/PP1P1PPP/RNBQKB1R w KQkq - 2 6,24,12,0,12,0.5,0.0,0.5,0.0,1.0,1.0,-0.4000759730296092,0.4000759730296092,0.8001519460592184,True,,0.003197194174087296,
rnb1k2r/pppp2pp/4pn2/1N3p2/1b5q/2P1P1P1/PP1P1P1P/RNBQKB1R w KQkq - 1 7,21,9,0,12,0.42857142857142855,0.0,0.5714285714285714,-0.14285714285714285,0.9795918367346939,0.9852281360342515,-0.5661695740192838,0.2804552883049981,0.8466248623242819,True,,0.005057888881613811,
rnb1k2r/pppp2pp/4pn2/1N3p1q/1b6/2PPP1P1/PP3P1P/RNBQKB1R w KQkq - 1 8,11,4,0,7,0.36363636363636365,0.0,0.6363636363636364,-0.2727272727272727,0.9256198347107438,0.9456603046006401,-0.8412765013193434,0.295821955864798,1.1370984571841414,True,,0.004018209493634376,
r3kb1r/p3p3/4bnp1/3p4/8/2N1P3/PPPP1P1P/R1B1K2R w KQkq - 0 10,18,11,1,6,0.6111111111111112,0.05555555555555555,0.3333333333333333,0.27777777777777785,0.8672839506172839,1.1941737342569119,-0.15244410180848178,0.7079996573640375,0.8604437591725193,True,,0.008009915188368823,
r2k1b1r/p3p3/4b1p1/1B1p3p/1pP5/BP2PP1P/P2P1nP1/RN3RK1 b - c3 0 13,13,6,3,4,0.46153846153846156,0.23076923076923078,0.3076923076923077,0.15384615384615385,0.7455621301775148,1.5262349099495225,-0.3155270961328364,0.6232194038251442,0.9387464999579807,True,,0.008659736468241764,
r2k1b1r/p3p3/6p1/1B1p1b1p/1pP5/BP1PPP1P/P4nP1/RN3RK1 b - - 0 14,11,4,3,4,0.36363636363636365,0.2727272727272727,0.36363636363636365,0.0,0.7272727272727273,1.5726236638951638,-0.5039650270362465,0.5039650270362465,1.007930054072493,True,,0.007567825303836303,
rnbqkb1r/pp1pp1pp/2p2p1n/8/3P2P1/2N2N2/PPP1PP1P/R1BQKB1R b KQkq - 0 4,20,14,1,5,0.7,0.05,0.25,0.44999999999999996,0.7475,1.076297625725199,0.07108771011823467,0.8289122898817652,0.7578245797635306,False,,0.0035138684906996787,
rnbqkb1r/pp1p2pp/2p1pp1n/8/3PP1P1/2N2N2/PPP2P1P/R1BQKB1R b KQkq - 0 5,20,14,1,5,0.7,0.05,0.25,0.44999999999999996,0.7475,1.076297625725199,0.07108771011823467,0.8289122898817652,0.7578245797635306,False,1.3348188400268555,0.0028496724902652205,0.0037755540480208793
rnbqkb1r/ppp1p1pp/5p2/3p4/4P3/8/PPPP1PPP/RNBQKB1R w KQkq - 0 5,17,10,3,4,0.5882352941176471,0.17647058823529413,0.23529411764705882,0.35294117647058826,0.6989619377162629,1.383099991189334,-0.04447944090583644,0.750361793847013,0.7948412347528494,True,,0.005072265808634898,
rn1qkb1r/ppp1p1pp/5p2/3p4/3PP1b1/8/PPP2PPP/RNBQKB1R w KQkq - 1 6,19,10,1,8,0.5263157894736842,0.05263157894736842,0.42105263157894735,0.10526315789473684,0.9362880886426592,1.2363864108712894,-0.3298237745456414,0.540350090335115,0.8701738648807564,True,,0.002459293231368065,
rnbqkbnr/pppp3p/4ppp1/8/8/3BPN2/PPPP1PPP/RNBQK2R w KQkq - 0 4,12,8,0,4,0.6666666666666666,0.0,0.3333333333333333,0.3333333333333333,0.8888888888888888,0.9182958340544896,-0.20010129737281218,0.8667679640394788,1.066869261412291,True,1.0654068390528362,0.005683577774713437,0.005898277766770525
rnbqkbnr/pppp3p/4p1p1/5p2/7N/3BP3/PPPP1PPP/RNBQK2R w KQkq - 0 5,10,7,0,3,0.7,0.0,0.3,0.39999999999999997,0.8400000000000001,0.8812908992306927,-0.16805153017865077,0.9680515301786508,1.1361030603573015,True,,0.006457277154549956,
rnbqkb1r/ppp1p1pp/5p2/1N1p4/4P3/8/PPPP1P1P/R1BQKB1R b KQkq - 1 5,11,6,1,4,0.5454545454545454,0.09090909090909091,0.36363636363636365,0.18181818181818177,0.8760330578512396,1.3221793455166666,-0.3712924365199496,0.7349288001563131,1.1062212366762627,True,,0.0024581482337618418,
rn1qkb1r/ppp1p1pp/5p2/1N1p4/4P1b1/5P2/PPPP3P/R1BQKB1R b KQkq - 0 6,11,6,1,4,0.5454545454545454,0.09090909090909091,0.36363636363636365,0.18181818181818177,0.8760330578512396,1.3221793455166666,-0.3712924365199496,0.7349288001563131,1.1062212366762627,True,0.1992465704679489,0.004463090688328852,0.0008331838752151585
r2k1b1r/p3p2p/4b1p1/1B6/1p1p4/1P2PP1P/P1PP1nP1/RNB2RK1 b - - 1 13,12,7,4,1,0.5833333333333334,0.3333333333333333,0.08333333333333333,0.5,0.41666666666666674,1.2806721295208872,0.13478227475975763,0.8652177252402424,0.7304354504804849,False,,0.007902577286586165,
r2k1b1r/p3p2p/4b1p1/1B6/1p6/1P2PP1P/P2P1nP1/RNB2RK1 b - - 0 14,12,7,4,1,0.5833333333333334,0.3333333333333333,0.08333333333333333,0.5,0.41666666666666674,1.2806721295208872,0.13478227475975763,0.8652177252402424,0.7304354504804849,False,,0.005731887572134535,
r2k1b1r/p3p2p/4b1p1/1B6/1p2P3/1P1n1P1P/P2P2P1/RNB2RK1 b - - 0 15,11,6,4,1,0.5454545454545454,0.36363636363636365,0.09090909090909091,0.4545454545454545,0.42975206611570255,1.3221793455166666,0.06714445662449703,0.841946452466412,0.774801995841915,False,,0.005461627194149928,
r1bqk1nr/pp1p2pp/2n1pp2/1B6/1b1PP3/5N2/PPP2PPP/R1BQK2R w KQkq - 1 7,15,5,1,9,0.3333333333333333,0.06666666666666667,0.6,-0.26666666666666666,0.8622222222222222,1.2309595631140104,-0.7365738320340434,0.20324049870070998,0.9398143307347533,True,,0.008561907025674978,
rnbqkbnr/pp1p3p/2p1p1p1/5p2/3N4/2NBP1P1/PPPP1P1P/R1BQK2R b KQkq - 0 6,12,5,2,5,0.4166666666666667,0.16666666666666666,0.4166666666666667,0.0,0.8333333333333334,1.4833557549816874,-0.5164958602538013,0.5164958602538013,1.0329917205076027,True,1.7186991572380066,0.0037216174338633814,0.006141176198844883
rnbqkbnr/ppp1p1pp/8/3p4/3P4/8/PPP1PPPP/RNBQKB1R w KQkq - 0 4,15,11,2,2,0.7333333333333333,0.13333333333333333,0.13333333333333333,0.6,0.5066666666666666,1.103307408607834,0.23978347846345188,0.9602165215365481,0.7204330430730963,False,,0.00575868741919597,
rnbqkb1r/ppp1p1pp/5n2/3p2B1/3P4/8/PPP1PPPP/RN1QKB1R w KQkq - 2 5,14,11,2,1,0.7857142857142857,0.14285714285714285,0.07142857142857142,0.7142857142857143,0.346938775510204,0.9463729359854419,0.4057464114611572,1.0228250171102715,0.6170786056491143,False,,0.005340099600808961,
rn1qkb1r/ppp1p1pp/5n2/3p2B1/3PP1b1/8/PPP2PPP/RN1QKB1R w KQkq - 1 6,10,7,2,1,0.7,0.2,0.1,0.6,0.43999999999999995,1.1567796494470395,0.188874486183913,1.0111255138160868,0.8222510276321738,False,,0.005981950974091888,
rnbqNknr/pp1p2pp/2p1pp2/8/1b6/2P2N2/PP1PPPPP/R1BQKB1R b KQ - 3 6,20,7,6,7,0.35,0.3,0.35,0.0,0.7,1.5812908992306924,-0.366675686028259,0.366675686028259,0.733351372056518,True,0.1376928985118866,0.005248575261794031,0.0006898891206205543
rnbqNknr/pp1p3p/2p1ppp1/8/1b1P4/2P2N2/PP2PPPP/R1BQKB1R b KQ - 0 7,16,6,5,5,0.375,0.3125,0.3125,0.0625,0.68359375,1.579434002924965,-0.34262322513564275,0.46762322513564275,0.8102464502712855,True,,0.003873680383549072,
r2qkb1r/ppp1p1pp/n4p2/3p4/1P1PP1b1/5P2/P1P3PP/RNBQKB1R b KQkq - 0 7,18,8,1,9,0.4444444444444444,0.05555555555555555,0.5,-0.05555555555555558,0.941358024691358,1.2516291673878228,-0.5037735139060422,0.3926624027949311,0.8964359167009732,True,1.7552597522735596,0.002052625279045767,0.003573893408740647
rnbqkb1r/ppppp1pp/7n/8/8/2N5/PPPPPPPP/R1BQKB1R w KQkq - 0 4,12,7,1,4,0.5833333333333334,0.08333333333333333,0.3333333333333333,0.25000000000000006,0.8541666666666667,1.280672129520887,-0.27291220391266163,0.7729122039126617,1.0458244078253234,True,,0.00616584112867713,
rn1qkb1r/ppp1p1pp/5p1n/3p4/3P4/2N5/PPP1PP1P/R1BQKB1R w KQkq - 0 5,21,11,3,7,0.5238095238095238,0.14285714285714285,0.3333333333333333,0.19047619047619052,0.8208616780045352,1.4180260055608094,-0.19702535075209943,0.5779777317044805,0.7750030824565799,True,,0.008049350098839827,
rnbqkbnr/pppp1ppp/8/4p3/3P4/5N2/PPP1PPPP/RNBQKB1R b KQkq - 0 2,10,6,0,4,0.6,0.0,0.4,0.19999999999999996,0.96,0.9709505944546686,-0.4072726297031969,0.8072726297031968,1.2145452594063937,True,1.5870970845222474,0.001480747910682112,0.002351003405821174
rnbqk1nr/pppp1ppp/8/4p3/1b1P4/2P2N2/PP2PPPP/RNBQKB1R b KQkq - 0 3,10,7,0,3,0.7,0.0,0.3,0.39999999999999997,0.8400000000000001,0.8812908992306927,-0.16805153017865077,0.9680515301786508,1.1361030603573015,True,1.6629769444465636,0.0018675089464522897,0.0031054423154133924
2b1k2r/1ppp3p/4p1p1/8/1b3p2/2N1P3/PPPP2PP/R1B1KB1R b KQk - 0 10,29,11,2,16,0.3793103448275862,0.06896551724137931,0.5517241379310345,-0.1724137931034483,0.901307966706302,1.2699207259892868,-0.5179437428441134,0.17311615663721686,0.6910598994813302,True,,0.004039864858676647,
2b2rk1/1ppp3p/4p1p1/8/1b2Pp2/2N5/PPPP2PP/R1B1KB1R b KQ - 0 11,11,4,1,6,0.36363636363636365,0.09090909090909091,0.5454545454545454,-0.18181818181818177,0.8760330578512396,1.3221793455166666,-0.7349288001563131,0.3712924365199496,1.1062212366762627,True,,0.003240795022892681,
rnbqkbnr/ppp1p1pp/5p2/3p4/8/3BPN2/PPPP1PPP/RNBQK2R b KQkq - 1 3,13,5,1,7,0.38461538461538464,0.07692307692307693,0.5384615384615384,-0.1538461538461538,0.8994082840236687,1.2957378005380122,-0.6693772381934651,0.3616849305011575,1.0310621686946226,True,0.3430229375759761,0.002875645107661302,0.0010112125765854528
rnbqkbnr/ppp1p2p/5pp1/3p4/3N4/3BP3/PPPP1PPP/RNBQK2R b KQkq - 1 4,10,3,0,7,0.3,0.0,0.7,-0.39999999999999997,0.8400000000000001,0.8812908992306927,-0.9680515301786508,0.16805153017865077,1.1361030603573015,True,0.6803852915763855,0.002765679289586842,0.001806556782356264
rnbqkbnr/pp1p3p/2p1p1p1/5p2/3N4/2NBP3/PPPP1PPP/R1BQK2R w KQkq - 0 6,33,20,6,7,0.6060606060606061,0.18181818181818182,0.21212121212121213,0.3939393939393939,0.6629935720844813,1.359551047950047,0.11613073373734828,0.6717480541414396,0.5556173204040913,False,1.387030289090913,0.011208850946841818,0.015577258143906257
rnb1k2r/pppp2pp/4p3/5p2/1b2n3/2P1PPP1/PP1P3P/RNBQK2R w KQkq - 1 9,14,9,1,4,0.6428571428571429,0.07142857142857142,0.2857142857142857,0.3571428571428572,0.8010204081632653,1.1981174211304033,-0.11167685481586148,0.825962569101576,0.9376394239174375,True,,0.006127127279926624,
rn1qkbnr/ppp1p2p/4b1p1/3pQ3/8/1P2P3/P1PP1PPP/RNB1KB1R b KQkq - 0 6,11,5,0,6,0.45454545454545453,0.0,0.5454545454545454,-0.09090909090909088,0.9917355371900827,0.9940302114769565,-0.6794134530721678,0.497595271253986,1.1770087243261538,True,,0.0031258089002221823,
r2qkbnr/ppp1p2p/n3b1p1/3pQ3/8/1PN1P3/P1PP1PPP/R1B1KB1R b KQkq - 2 7,11,5,0,6,0.45454545454545453,0.0,0.5454545454545454,-0.09090909090909088,0.9917355371900827,0.9940302114769565,-0.6794134530721678,0.497595271253986,1.1770087243261538,True,,0.0023564303886484017,
rnbqkbnr/pppp1ppp/8/4p3/4P3/5N2/PPPP1PPP/RNBQKB1R b KQkq - 0 2,24,12,5,7,0.5,0.20833333333333334,0.2916666666666667,0.20833333333333331,0.748263888888889,1.4899343783255763,-0.137741376578842,0.5544080432455086,0.6921494198243506,True,1.367185605896844,0.003618720501738911,0.004941720425763645
rnbqkbnr/ppp2ppp/8/3pp1N1/4P3/8/PPPP1PPP/RNBQKB1R b KQkq - 1 3,16,7,2,7,0.4375,0.125,0.4375,0.0,0.875,1.4185644431995963,-0.45834460753532374,0.45834460753532374,0.9166892150706475,True,0.40212309161822,0.0023433249298250303,0.0009367967294485964
rnbqkbnr/ppp3pp/8/3pppN1/3PP3/8/PPP2PPP/RNBQKB1R b KQkq - 0 4,14,6,2,6,0.42857142857142855,0.14285714285714285,0.42857142857142855,0.0,0.8571428571428571,1.4488156357251847,-0.4849653146040736,0.4849653146040736,0.9699306292081472,True,0.9817666312058767,0.0018852178722486965,0.0018367783069295728
rnbqk1nr/ppp3pp/8/3pppN1/1b1PP3/2P5/PP3PPP/RNBQKB1R b KQkq - 0 5,15,7,2,6,0.4666666666666667,0.13333333333333333,0.4,0.06666666666666665,0.8622222222222222,1.4294732983598406,-0.40324049870071,0.5365738320340433,0.9398143307347533,True,1.2523456513881683,0.002161386609077454,0.0026873790028912603
rnbqkb1r/pp1p2pp/2p1pn2/8/8/2NBP3/PPPP1PPP/R1BQK2R w KQkq - 2 6,16,12,0,4,0.75,0.0,0.25,0.5,0.75,0.8112781244591328,0.07565534972143562,0.9243446502785644,0.8486893005571288,False,,0.009704783675260842,
rnbqkb1r/pp1p2p1/2p1p3/8/8/2N1P3/PPPP1PPP/R1BQK2R w KQkq - 0 7,16,12,0,4,0.75,0.0,0.25,0.5,0.75,0.8112781244591328,0.07565534972143562,0.9243446502785644,0.8486893005571288,False,,0.007215042831376195,
rnb1k2r/pppp3p/4pnp1/1N3p2/1b6/2N1PP2/PPPP2PP/R1B1KB1R b KQkq - 2 8,25,8,3,14,0.32,0.12,0.56,-0.24000000000000005,0.8224000000000001,1.3615419333359275,-0.5954836555533236,0.11548365555332352,0.7109673111066471,True,0.7852455735206604,0.003798874821513891,0.002807856042358947
rnb1k2r/pppp3p/4p1p1/1N3p2/1b6/2N1P3/PPPP2PP/R1B1KB1R b KQkq - 0 9,26,9,3,14,0.34615384615384615,0.11538461538461539,0.5384615384615384,-0.1923076923076923,0.8476331360946745,1.3701635095276021,-0.5461953204612278,0.16157993584584324,0.7077752563070709,True,,0.0048618734670946235,
rnbqkbnr/pppp3p/4p1p1/5p2/7N/3BP1P1/PPPP1P1P/RNBQK2R b KQkq - 0 5,14,3,2,9,0.21428571428571427,0.14285714285714285,0.6428571428571429,-0.4285714285714286,0.6734693877551021,1.287054028118727,-0.8584472345615599,0.0013043774187026513,0.8597516119802626,True,1.1065363883972168,0.0038657888903149535,0.004422379646917829
rnbqk1nr/pppp3p/4p1p1/5p2/1b5N/2PBP1P1/PP1P1P1P/RNBQK2R b KQkq - 0 6,17,6,2,9,0.35294117647058826,0.11764705882352941,0.5294117647058824,-0.1764705882352941,0.8512110726643598,1.3792804872910602,-0.6150439628300948,0.26210278635950657,0.8771467491896013,True,2.0654132962226868,0.0027135319405180566,0.005599773144636139
rnb1k1nr/pppp2pp/4p3/5p2/1b6/2P1P1P1/PP1P1P1P/RNBQK2R b KQkq - 0 7,12,7,1,4,0.5833333333333334,0.08333333333333333,0.3333333333333333,0.25000000000000006,0.8541666666666667,1.280672129520887,-0.27291220391266163,0.7729122039126617,1.0458244078253234,True,0.40808913111686707,0.002253740793094039,0.0008682372833951763
rnbqk2r/pp1p2pp/2pbpp1n/8/3PP1P1/2N2N2/PPP2P1P/R1BQKB1R w KQkq - 1 6,15,8,2,5,0.5333333333333333,0.13333333333333333,0.3333333333333333,0.2,0.8266666666666667,1.3995812306460644,-0.26011635908325603,0.660116359083256,0.9202327181665121,True,0.9106678366661072,0.00880134931455056,0.007883079850553532
rnbqk2r/pp1p2pp/2p1p2n/8/1b1P2P1/2N2N2/PPP2P1P/R1BQKB1R w KQkq - 1 7,10,4,0,6,0.4,0.0,0.6,-0.19999999999999996,0.96,0.9709505944546686,-0.8072726297031968,0.4072726297031969,1.2145452594063937,True,,0.007224764116108418,
r1bqkbnr/1p1p3p/4ppp1/8/8/4P3/PPPP1PPP/RNB1KB1R w KQkq - 0 8,13,6,7,0,0.46153846153846156,0.5384615384615384,0.0,0.46153846153846156,0.2485207100591716,0.9957274520849255,0.19054568931268206,0.7325312337642411,0.5419855444515591,False,,0.007267124485224485,
r1bq1bnr/1p1p1k1p/4ppp1/1B6/8/4P3/PPPP1PPP/RNB1K2R w KQ - 2 9,13,6,7,0,0.46153846153846156,0.5384615384615384,0.0,0.46153846153846156,0.2485207100591716,0.9957274520849255,0.19054568931268206,0.7325312337642411,0.5419855444515591,False,,0.00655102998448106,
5bnr/1p3k1p/4ppp1/8/8/4P3/1PPP1PPP/2B1K2R w K - 0 10,12,5,7,0,0.4166666666666667,0.5833333333333334,0.0,0.4166666666666667,0.24305555555555555,0.9798687566511528,0.1377270214911676,0.6956063118421658,0.5578792903509981,False,,0.006006810426091154,
rnbqkb1r/ppp1p1pp/5p2/3p4/8/2N1P3/PPPP1P1P/R1BQKB1R w KQkq - 0 5,13,7,2,4,0.5384615384615384,0.15384615384615385,0.3076923076923077,0.23076923076923073,0.7928994082840237,1.419556298571613,-0.2532754608956081,0.7148139224340695,0.9680893833296775,True,,0.011765125064322582,
r2qkb1r/ppp1p1pp/n4p2/3p4/3PP1b1/5P2/PPP3PP/RNBQKB1R w KQkq - 1 7,15,7,1,7,0.4666666666666667,0.06666666666666667,0.4666666666666667,0.0,0.9333333333333333,1.2866926683547546,-0.4889009147043454,0.4889009147043454,0.9778018294086908,True,,0.00543069439008832,
rnbqk1nr/pppp2pp/4pp2/8/1b6/2PBPN2/PP1P1PPP/RNBQK2R b KQkq - 0 4,11,9,1,1,0.8181818181818182,0.09090909090909091,0.09090909090909091,0.7272727272727273,0.3801652892561984,0.8658566174572235,0.3629066147212097,1.091638839824245,0.7287322251030353,False,1.2738502422968547,0.0029025961941277437,0.0035718809417034
r3kb1r/p3p2p/4b1p1/1p1p4/6n1/1PN1PP2/P1PP2PP/R1B1KB1R b KQkq - 0 9,12,8,1,3,0.6666666666666666,0.08333333333333333,0.25,0.41666666666666663,0.7430555555555556,1.188721875540867,-0.07105057707833562,0.9043839104116689,0.9754344874900045,True,,0.006542374108297129,
2b2rk1/1ppp3p/4p1p1/8/1b1P1p2/2P1P3/PP4PP/RNB1KB1R b KQ - 0 11,13,9,1,3,0.6923076923076923,0.07692307692307693,0.23076923076923078,0.4615384615384615,0.7100591715976332,1.1401156785146092,0.003477072643874757,0.9195998504330483,0.9161227777891735,False,,0.003389788110955403,
r1b1k2r/pppp2pp/2n1p3/5p2/1b1P4/2P1P1P1/PP5P/RNBQK2R b KQkq - 0 10,11,5,0,6,0.45454545454545453,0.0,0.5454545454545454,-0.09090909090909088,0.9917355371900827,0.9940302114769565,-0.6794134530721678,0.497595271253986,1.1770087243261538,True,1.15106600522995,0.0018652799031273885,0.002167420879247539
2b2rk1/1ppp3p/4p1p1/8/1b1P1p2/2N1P3/PPP3PP/R1B1KB1R b KQ - 0 11,10,3,2,5,0.3,0.2,0.5,-0.2,0.76,1.4854752972273344,-0.7403247823048222,0.34032478230482227,1.0806495646096446,True,,0.004305766802281142,
rnb1k2r/pppp2pp/4p3/5p2/1b6/2P1P1P1/PP1P3P/RNBQK2R b KQkq - 0 9,27,13,3,11,0.48148148148148145,0.1111111111111111,0.4074074074074074,0.07407407407407407,0.8834019204389574,1.3876892931631746,-0.28044971186399986,0.428597860012148,0.7090475718761479,True,1.496497631072998,0.0018009745205442111,0.0029397384982222663
rnbqkbnr/pp1pp1pp/2p2p2/8/3P4/2N2N2/PPP1PPPP/R1BQKB1R b KQkq - 0 3,17,9,1,7,0.5294117647058824,0.058823529411764705,0.4117647058823529,0.11764705882352944,0.9273356401384083,1.253297578463043,-0.3401174371755353,0.5754115548225942,0.9155289919981295,True,,0.0022507958689375837,
rnbqkbnr/pp1p2pp/2p1pp2/8/3PP3/2N2N2/PPP2PPP/R1BQKB1R b KQkq - 0 4,18,9,3,6,0.5,0.16666666666666666,0.3333333333333333,0.16666666666666669,0.8055555555555555,1.4591479170272446,-0.24796225005338912,0.5812955833867225,0.8292578334401116,True,0.6804197728633881,0.0020159908001207644,0.0013586231619132742
r3kb1r/p6p/4pnp1/1p1p4/8/4P2P/PPPPB1P1/R1B2RK1 b kq - 1 12,13,7,2,4,0.5384615384615384,0.15384615384615385,0.3076923076923077,0.23076923076923073,0.7928994082840237,1.419556298571613,-0.2532754608956081,0.7148139224340695,0.9680893833296775,True,1.3083211183547974,0.008003631248497046,0.008821135513518374
r3kb1r/p3p2p/5np1/1p1p1b2/8/1PN1P3/P1PP1PPP/R1B1KB1R w KQkq - 1 9,11,5,1,5,0.45454545454545453,0.09090909090909091,0.45454545454545453,0.0,0.9090909090909091,1.3485878960124222,-0.5634500293677832,0.5634500293677832,1.1269000587355664,True,,0.005663861012594266,
rnbqkbnr/ppp1p1pp/5p2/1N1p4/8/5N2/PPPPPPPP/R1BQKB1R b KQkq - 1 3,18,11,1,6,0.6111111111111112,0.05555555555555555,0.3333333333333333,0.27777777777777785,0.8672839506172839,1.1941737342569119,-0.15244410180848178,0.7079996573640375,0.8604437591725193,True,0.9715103507041931,0.0033490497153252363,0.0032087826575024903
rnbqkb1r/ppp1p1pp/5p1n/1N1p4/6P1/5N2/PPPPPP1P/R1BQKB1R b KQkq - 0 4,11,6,1,4,0.5454545454545454,0.09090909090909091,0.36363636363636365,0.18181818181818177,0.8760330578512396,1.3221793455166666,-0.3712924365199496,0.7349288001563131,1.1062212366762627,True,0.4348520040512085,0.004921875513074073,0.0020845297288560882
rn1qkb1r/ppp1p1pp/5p1n/1N1p4/8/7B/PPPPPP1P/R1BQK2R b KQkq - 1 5,12,8,1,3,0.6666666666666666,0.08333333333333333,0.25,0.41666666666666663,0.7430555555555556,1.188721875540867,-0.07105057707833562,0.9043839104116689,0.9754344874900045,True,,0.002828947559464723,
rn1qkb1r/ppp1p1pp/5p2/1N1p4/8/8/PPPPPP1P/R1BQK2R b KQkq - 0 6,12,8,1,3,0.6666666666666666,0.08333333333333333,0.25,0.41666666666666663,0.7430555555555556,1.188721875540867,-0.07105057707833562,0.9043839104116689,0.9754344874900045,True,,0.0024837065138854086,
2kr3r/p3p2p/5npb/1p1p4/8/4P2P/PPPPB1P1/R1B2RK1 w - - 4 13,12,5,2,5,0.4166666666666667,0.16666666666666666,0.4166666666666667,0.0,0.8333333333333334,1.4833557549816874,-0.5164958602538013,0.5164958602538013,1.0329917205076027,True,,0.004038864785494904,
rnbqkbnr/pp1p2pp/4pp2/1B6/4P3/5N2/PPPP1PPP/R1BQK2R b KQkq - 1 5,12,8,0,4,0.6666666666666666,0.0,0.3333333333333333,0.3333333333333333,0.8888888888888888,0.9182958340544896,-0.20010129737281218,0.8667679640394788,1.066869261412291,True,,0.0043432760673264665,
rnb1kbnr/pp1p2pp/4p3/1N3p2/7q/4P3/PPPP1PPP/R1BQKB1R w KQkq - 2 7,12,4,4,4,0.3333333333333333,0.3333333333333333,0.3333333333333333,0.0,0.6666666666666666,1.584962500721156,-0.4619679414498926,0.4619679414498926,0.9239358828997852,True,,0.005008433246985078,
rnb1kbnr/pp1p2pp/4p3/1N3p2/2q5/4P1P1/PPPP1P1P/R1BQKB1R w KQkq - 1 8,12,4,4,4,0.3333333333333333,0.3333333333333333,0.3333333333333333,0.0,0.6666666666666666,1.584962500721156,-0.4619679414498926,0.4619679414498926,0.9239358828997852,True,,0.0085626437018315,
rnb1kbnr/pp1p2pp/4p3/1N3p2/8/3PP1P1/PP3P1P/R3KB1R w KQkq - 0 9,12,4,4,4,0.3333333333333333,0.3333333333333333,0.3333333333333333,0.0,0.6666666666666666,1.584962500721156,-0.4619679414498926,0.4619679414498926,0.9239358828997852,True,,0.0076660783573364215,
rnbk1bnr/ppNp2pp/4p3/5p2/8/3PP1P1/PP3P1P/R3KB1R w KQ - 2 10,12,4,4,4,0.3333333333333333,0.3333333333333333,0.3333333333333333,0.0,0.6666666666666666,1.584962500721156,-0.4619679414498926,0.4619679414498926,0.9239358828997852,True,,0.008337125647813082,
rnbk1b1r/ppNp2pp/4pn2/5p2/1P6/3PP1P1/P4P1P/R3KB1R w KQ - 1 11,12,4,4,4,0.3333333333333333,0.3333333333333333,0.3333333333333333,0.0,0.6666666666666666,1.584962500721156,-0.4619679414498926,0.4619679414498926,0.9239358828997852,True,,0.008111834215621153,
rnbqk1nr/pp1p3p/3bppp1/1N6/8/4P3/PPPP1PPP/R1BQKB1R w KQkq - 2 7,11,9,0,2,0.8181818181818182,0.0,0.18181818181818182,0.6363636363636365,0.5950413223140494,0.6840384356390417,0.18051011759803354,1.0922171551292394,0.911707037531206,False,,0.006005560344254429,
rnbq1knr/ppNp3p/3bppp1/8/8/4P3/PPPP1PPP/R1BQKB1R w KQ - 4 8,11,9,0,2,0.8181818181818182,0.0,0.18181818181818182,0.6363636363636365,0.5950413223140494,0.6840384356390417,0.18051011759803354,1.0922171551292394,0.911707037531206,False,,0.003927045290104367,
r1bqkbnr/pp1p2pp/2n1pp2/1B6/8/4PN2/PPPP1PPP/R1BQK2R w KQkq - 2 6,22,10,2,10,0.45454545454545453,0.09090909090909091,0.45454545454545453,0.0,0.9090909090909091,1.3485878960124222,-0.39841933662571893,0.39841933662571893,0.7968386732514379,True,,0.005695842206478119,
r1bqk1nr/pp1p2pp/2n1pp2/1B6/1b1P4/4PN2/PPP2PPP/R1BQK2R w KQkq - 1 7,19,9,2,8,0.47368421052631576,0.10526315789473684,0.42105263157894735,0.05263157894736842,0.89196675900277,1.3779630390761746,-0.3720325963684824,0.47729575426321924,0.8493283506317016,True,,0.00479103999800588,
rn1qkb1r/ppp1p1pp/5p2/1N1p4/4P1b1/8/PPPP1P1P/R1BQKB1R w KQkq - 2 6,16,8,2,6,0.5,0.125,0.375,0.125,0.859375,1.4056390622295665,-0.329233810528373,0.579233810528373,0.9084676210567459,True,,0.004765232326462865,
r2qkb1r/ppp1p1pp/n4p2/1N1p4/4P1b1/5P2/PPPP3P/R1BQKB1R w KQkq - 1 7,16,8,2,6,0.5,0.125,0.375,0.125,0.859375,1.4056390622295665,-0.329233810528373,0.579233810528373,0.9084676210567459,True,,0.005454890604596585,
r3kb1r/pp2p1pp/5p2/3p4/1n2P1b1/5P2/PPPP3P/R1BQKB1R w KQkq - 1 8,10,4,1,5,0.4,0.1,0.5,-0.09999999999999998,0.89,1.360964047443681,-0.6847134640503647,0.48471346405036475,1.1694269281007295,True,,0.007951252534985543,
r2k1b1r/pp2p1pp/5p2/1B1p4/1n2P1b1/5P2/PPPP3P/R1BQK2R w KQ - 3 9,10,4,1,5,0.4,0.1,0.5,-0.09999999999999998,0.89,1.360964047443681,-0.6847134640503647,0.48471346405036475,1.1694269281007295,True,,0.007317073782905937,
rnbqkbnr/pp1p2pp/4p3/5p2/3N4/4P3/PPPP1PPP/R1BQKB1R w KQkq - 0 6,10,3,3,4,0.3,0.3,0.4,-0.10000000000000003,0.69,1.5709505944546684,-0.614840420545915,0.4148404205459149,1.02968084109183,True,,0.007928470335900783,
rnbqkb1r/pp1pp2p/2p2pp1/8/3PP3/2N5/PPP2P1P/R1BQKB1R w KQkq - 0 6,11,6,1,4,0.5454545454545454,0.09090909090909091,0.36363636363636365,0.18181818181818177,0.8760330578512396,1.3221793455166666,-0.3712924365199496,0.7349288001563131,1.1062212366762627,True,,0.00961787270551378,
r3kb1r/p3p2p/4b1p1/3p4/6n1/2N1PP2/PPPP2PP/R1B1K2R b KQkq - 0 9,23,15,4,4,0.6521739130434783,0.17391304347826086,0.17391304347826086,0.4782608695652174,0.5973534971644612,1.2799376545731964,0.16239705323355136,0.7941246858968835,0.6317276326633321,False,,0.004884266476754261,
rnbqkbnr/pp1p3p/4p1p1/5p2/8/2NBP3/PPPP1PPP/R1BQK2R w KQkq - 0 7,11,6,2,3,0.5454545454545454,0.18181818181818182,0.2727272727272727,0.2727272727272727,0.743801652892562,1.4353713907745331,-0.23693245514390948,0.7823870005984549,1.0193194557423644,True,,0.01335699949413538,
r3kb1r/p3p2p/4b1p1/1N1p4/8/4PP2/PPPP2P1/R1B1K3 b Qkq - 1 10,21,14,4,3,0.6666666666666666,0.19047619047619047,0.14285714285714285,0.5238095238095237,0.5351473922902495,1.2467052127325733,0.21093143478040027,0.8366876128386471,0.6257561780582468,False,,0.006378940905311278,
rnbqkb1r/ppppp1pp/5p2/8/6n1/2N2N1P/PPPPPPP1/R1BQKB1R w KQkq - 1 4,15,7,1,7,0.4666666666666667,0.06666666666666667,0.4666666666666667,0.0,0.9333333333333333,1.2866926683547546,-0.4889009147043454,0.4889009147043454,0.9778018294086908,True,,0.003606656938791275,
rnbqkb1r/pp1pp1pp/2p2p2/8/8/2N5/PPPPPPP1/R1BQKB1R w KQkq - 0 5,14,7,1,6,0.5,0.07142857142857142,0.42857142857142855,0.07142857142857145,0.9234693877551021,1.2958363892911637,-0.4319506966354117,0.5748078394925547,1.0067585361279663,True,,0.0047651134497885194,
r1bqk2r/pp1p2pp/2n1pp1n/1B6/1b1P4/2P1PN2/PP3PPP/R1BQK2R w KQkq - 1 8,12,4,2,6,0.3333333333333333,0.16666666666666666,0.5,-0.16666666666666669,0.8055555555555555,1.4591479170272448,-0.6744813059502053,0.34114797261687196,1.0156292785670773,True,0.8621006011962891,0.005869251287852724,0.004972698363001626
rnbqkb1r/ppppp1pp/5p1n/8/3N4/4P3/PPPP1PPP/RNBQKB1R b KQkq - 0 3,12,6,2,4,0.5,0.16666666666666666,0.3333333333333333,0.16666666666666669,0.8055555555555555,1.4591479170272446,-0.34114797261687196,0.6744813059502053,1.0156292785670773,True,,0.0011165714046607416,
rnbqkb1r/ppppp1pp/5p2/8/3N1Pn1/4P3/PPPP2PP/RNBQKB1R b KQkq - 0 4,11,5,2,4,0.45454545454545453,0.18181818181818182,0.36363636363636365,0.09090909090909088,0.8099173553719008,1.4949188482339508,-0.44092001431744593,0.6227381961356278,1.0636582104530736,True,,0.0011190105737610297,
